CARDIOASPIRINA 100 EC 100 mg;Caja Envase Blíster Comprimidos - Comprimido Recubierto;;;;;;;
CORTIPREX 20 mg/5 mL;PREDNISONA 20MG;CORTICOIDE.;113;TEVA;;1656623220;0;SUSPENSION
GRAVOL 50 mg;DIMENHIDRINATO BP 50MG;ANTIEMETICO-ANTIVERTIGINOSO;2;SAN FERNANDO SRL;1.23;1719099480;74;COMPRIMIDO
TYPIREC CAPSULA;PARACETAMOL, CLORFENIRAMINA, PSEUDOEFEDRINA, DEXTROMETORFANO;ANTIGRIPAL DESCONGESTIVO NASAL ANTIPIRETICO;2.50;LAFAR;1.8;1735575300;55;CAPSULA
TALFLEX BI 150 mg;KETOPROFENO 150MG;ABALGESICO-ANTIIFLAMATORIO;5.50;BAGO;4.08;1687561980;56;COMPRIMIDO
NASTIZOL COMPRIMIDO;D-ISOFEDRINA, CLORFENIDRAMINA;DESCONGESTIVO NASAL;3.50;BAGO;2.84;1730908080;75;COMPRIMIDO
SALES DE REHIDRATACION ORAL ORANGE;Caja Sobre x 27.9 g - Polvo para Solución Oral;sales de rehidratacion oral, SUERO DE REHIDRATACION ORAL;3;UNICURE;2.4;1685920500;10;SOLUCION
PASUMA NF 50 mg;SIDENAFIL 50MG;DISFUNCION ERECTIL;10;INTI;7.60;1678551120;17;COMPRIMIDO
MUXOL ADULTO 30 mg/5 mL;Caja Frasco x 100 mL + Accesorio - Jarabe;;;;;;;
NOXOM 500 mg X 6 COMPRIMIDOS;NITAZOXANIDA 500MG;ANTIPARASITARIO;56;INTI;45.60;1691511360;2;COMPRIMIDO
METOCLOPRAMIDA 10 mg/ 2 mL;Caja Ampolla x 2 mL - Solución Inyectable;ANTIHEMETICO;2.50;MEDIFARMA;1.5;1676503260;9;INYECTABLE
DOLODRAN EXTRA FORTE 500 mg + 50 mg;Caja Envase Blister Tableta Recubierta - Tableta Recubierta;ANALGESICO ANTIINFLAMATORIO;1.50;PORTUGAL;0.60;1698073680;56;COMPRIMIDO
NOXOM 100 mg/ 5 mL;NITAZOXANIDA 100MG/5ML POLVO PARA SUSPENSION;ANTIPARASITARIO;63;INTI;;1692995940;3;POLVO PARA SUSPENSION, SUSPENSION
PRESTAT 75 mg;pregabalina 75MG;NEUROPATICO ANTICONVULSIVANTE;11;BAGO;8.25;1725467100;51;COMPRIMIDO
NAPROXENO SODICO 550 mg;Caja Envase Blister Tableta Recubierta - Tableta Recubierta;ANALGESICO ANTIINFLAMATORIO;1;PORTUGAL;0.75;1707227580;137;COMPRIMIDO
CETIRIZINA 10 mg;CETIRIZINA 10MG;Antihistamínico;1;PORTUGAL;0.40;1685317800;160;COMPRIMIDO
SALBUTAMOL 100 mcg/ dosis;Caja Frasco x 200 dosis - Suspensión para Inhalación en envase a presión;ANTIASMATICO;22;DISMEDIN;;1678111320;1;AEROSOL
ANAFLEX® MUJER;PARACETAMOL 500MG, DICLOFENACO SODICO, CAFEINA;ANALGESICO ANTIINFLAMATORIO;3;BAGO;2.33;1701879300;26;COMPRIMIDO
BIO ELECTRO 250 mg + 250 mg + 65 mg;PARACETAMOL 250MG, ACIDO ACETIL SALICILICO 250MG, CAFEINA 65MG;ANTIMIGRAÑOSO, DOLOR DE CABEZA;3;GENOMMA;2.25;1664637600;66;COMPRIMIDO
NIFEDIPINO 20 mg;Caja Envase Blíster Tabletas - Tableta;;1;DISMEDIN;0.75;1671376740;40;COMPRIMIDO
AZITROMICINA 500 mg SAN FERNANDO;Caja Envase Blíster Tableta Recubierta - Tableta Recubierta;ANTIBIOTICO MACROLIDO;7.50;SAN FERNANDO SRL;4.6;1693410540;88;COMPRIMIDO
DEXAMETASONA 4 mg/ 2 mL;Caja Ampolla x 2 mL - Solución Inyectable;DEXAMETASONA INYECTABLE;2.50;UNIVERSAL PHARMA;1.05;1695047400;64;INYECTABLE
AMPICILINA 500 mg x BLISTER;Caja Envase Blister Cápsulas - Cápsula;;8;SANOFI;3.60;1710362820;17;CAPSULA
DICLOFENACO SODICO 75 mg INYECTABLE;DICLOFENACO 75MG I.M/I.V;DICLOFENACO 75, DICLOFENACO INYECTABLE, INYECTABLE;3;UNIVERSAL PHARMA;0.69;1708266960;87;INYECTABLE
LORNOX XR 100 mg;Caja Envase Blíster Comprimido Recubierto de Liberación Prolongada - Comprimido recubierto de liberación prolongada;;;MEGA LABS;;;;COMPRIMIDO
REMITEX;Cetiricina Diclorhidrato 10mg;Antihistamínico;6;BAGO;4.6;1682913540;25;COMPRIMIDO
BAGOVITAL DIGEST;PROBIOTICOS;COADYUVANTE DE LA FLORA INTESTINAL;11;BAGO;8.8;1662138000;4;POLVO
BAGOVITAL INMUNE;PREBIOTICOS Y PROBIOTICOS;COADYUVANTE DE LA FLORA INTESTINAL ELEVA SISTEMA INMUNOLOGICO;11;BAGO;8.25;1662138420;5;POLVO
BREVEX;CLORZOXAZONA 250MG-PARACETAMOL 300MG;RELAJANTE MUSCULAR ANALGESICO;4;BAGO;3.20;1714690620;10;COMPRIMIDO
BACTICEL FORTE COMPRIMIDO;TRIMETOPRINA 160MG-SULFAMETOXAZOL 800MG;ANTIBIOTICO BACTERICIDA DE AMPLIO ESPECTRO;5;BAGO;3.82;1762125840;14;COMPRIMIDO
DEGRALER 5mg;LEVOCETIRIZINA DICLORHIDRATO 5MG;ANTIALERGICO-ANTIHISTAMINICO;8;BAGO;6.16;1688344380;19;COMPRIMIDO
BLOCAR 6,25 MG;CARVEDILOL 6.25mg;ANTIHIPERTENSIVO-BETABLOQUEADOR CON ACCION VASODILATADORA;2.50;BAGO;1.90;1714697220;17;COMPRIMIDO
BLOCAR 12.5 MG;CARVEDILOL 12.5 MG;ANTIHIPERTENSIVO-BETABLOQUEADOR CON ACCION VASODILATADORA;4.50;BAGO;3.30;1717508940;96;COMPRIMIDO
ACTRON 400MG;IBUPROFENO 400MG;ANALGESICO ANTIINFLAMATORIO ANTIFEBRIL;2;BAGO;1.4;1685455200;30;CAPSULA
ACTRON 600MG;IBUPROFENO 600MG;ANALGESICO ANTIINFLAMATORIO ANTIFEBRIL;3.5;BAGO;2.5;1696428300;45;CAPSULA
BILL 13;FACILITA LA DIGESTION;FACILITA DIGESTION;3;BAGO;2.25;1675519620;101;COMPRIMIDO
CLOFENAC B1B6B12;COMPLEJO B, DICLOFENACO SODICO 50MG;ANALGESICO ANTIINFLAMATORIO ANTINEURITICO;5;BAGO;3.75;1672841520;69;COMPRIMIDO
CLOFENAC RETARD 100;DICLOFENACO SODICO 100MG;ANALGESICO ANTIINFLAMATORIO ANTIRREUMATICO;3;BAGO;2.62;1653920460;6;COMPRIMIDO
CLOFENAC RELAX COMPRIMIDO;DICLOFENACO SODICO 50MG, PRIDINOL MESILATO 4MG;MIORRELAJANTE ANALGESICO ANTIINFLAMATORIO;4.50;BAGO;3.43;1709562540;122;COMPRIMIDO
CLOFEXAN FORTE;DICLOFENACO SODICO 75MG, PARACETAMOL 750MG;ANALGESICO ANTIINFLAMATORIO ANTIPIRETICO;5;BAGO;4;1698677160;11;COMPRIMIDO
DONODOL 30SL;KETOROLACO TROMETAMINA 30MG;ANALGESICO ANTIINFLAMATORIO;3.50;BAGO;2.96;1677941880;11;Uncategorized
GLEMAZ MET 2/1000;GLIMEPIRIDA 2MG, METFORMINA 1000MG;HIPOGLICEMIANTE;5;BAGO;3.68;1693839660;5;COMPRIMIDO
GLEMAZ;GLIMEPIRIDA 4MG;HIPOGLICEMIANTE;6.50;BAGO;5.20;1667574240;11;COMPRIMIDO
METAGESIC;PARACETAMOL 325MG, TRAMADOL 37.5MG;ANALGESICO DE ACCION CENTRAL;5;BAGO;3.75;1717513620;13;COMPRIMIDO
PLENACOR 50;ATENOLOL 50 MG;ANTIHIPERTENSIVO ANTIANGINOSO ANTIARRITMICO;3.50;BAGO;2.48;1675530720;44;COMPRIMIDO
REMITEX D;CETIRIZINA DICLORHIDRATO 5MG, PSEUDOEFEDRINA 120MG;ANTIALERGICO;10.5;BAGO;8.17;1711992120;8;COMPRIMIDO
RITMOCARDYL;AMIODARONA CLORHIDRATO 200MG;ANTIARRITMICO;5;BAGO;3.77;1672853160;25;COMPRIMIDO
SEPTICIDE;CIPROFLOXACINA 500MG;ANTIBACTERIANO;12;BAGO;9.37;1730741280;9;COMPRIMIDO
SEPTICIDE XR;CIPROFLOXACINA 1000MG;ANTIBACTERIANO;15;BAGO;12;1683221460;8;COMPRIMIDO
VEROTONIL;MULTIVITAMINAS;MULTIVITAMINICO;4;BAGO;3;1667583180;20;CAPSULA
CRONOCORTEROID;BETAMETASONA DIPROPIONATO 10MG, BETAMETASONA FOSFATO 4MG;CORTICOSTEROIDE DE ACCION RAPIDA;108;BAGO;86.70;1662477180;2;INYECTABLE
TALFLEX B1B6B12;KETOPROFENO, TIAMINA CLORHIDRATO, PIRIDOXINA , CIANOCOBALAMINA;ANALGESICO ANTIINFLAMATORIO ANTINEURITICO;67;BAGO;53.60;1665069420;4;INYECTABLE
CLOFENAC 5% GEL;DICLOFENACO SODICO 5G;ANALGESICO ANTIINFLAMATORIO;64;BAGO;50.8;1681312980;1;GEL
ULCOZOL RAPID 20;OMEPRAZOL 20MG, BICARBONATO DE SODIO;ANTIULCEROSO;9;BAGO;6.89;1725636780;30;POLVO
ESTREPTOCARBOCAFTIAZOL;FTALILSULFATIAZOL 500MG;ANTIDIARREICO;3.50;BAGO;2.79;1772811360;83;COMPRIMIDO
ESPASMODIOXADOL PLUS;;;5;BAGO;4.01;1704556320;88;COMPRIMIDO
TALFLEX 100;KETOPROFENO 100MG;ANALGESICO ANTIINFLAMATORIO;4;BAGO;3;1715011200;109;COMPRIMIDO
MIGRANOL;PARACETAMOL, CAFEINA, ERGOTAMINA;ANTIMIGRAÑOSO;5;BAGO;3.75;1694016120;21;COMPRIMIDO
ENALAP 10;ENALAPRIL MALEATO 10MG;ANTIHIPERTENSIVO;2;BAGO;1.50;1675700280;82;COMPRIMIDO
DIOXADOL COMPRIMIDO;DIPIRONA MAGNESICA 500MG;ANALGESICO ANTIPIRETICO;2.50;BAGO;1.85;1691338920;416;COMPRIMIDO
CORTYPIREN INYECTABLE;BETAMETASONA 4MG;CORTICOSTEROIDE;36;BAGO;28.8;1694017800;4;INYECTABLE
CLOFENAC 75 INYECTABLE;DICLOFENACO SODICO 75MG;ANALGESICO ANTIINFLAMATORIO, clofenac 75;10;BAGO;7.50;1686069480;14;AMPOLLA, INYECTABLE
DIOXADOL;DIPIRONA MAGNESICA 1000MG;ANALGESICO;13.50;BAGO;10.77;1730911260;21;INYECTABLE
ESPASMODIOXADOL PLUS;PROPINOX CLORHIDRATO, DIPIRONA SODICA;ANTIESPASMODICO ANALGESICO;25;BAGO;20.30;1694018760;2;INYECTABLE
PENDIBEN 1.200.000 UI;PENICILINA G BENZATINICA;ANTIBIOTICO;18;BAGO;13.90;1699289460;2;INYECTABLE
TRIAPEN FORTE;PENICILINA G BENZATINICA, PENICILINA G PROCAINICA, PENICILNA G POTASICA;ANTIBIOTICO;34;BAGO;26.60;1700067420;14;INYECTABLE
PENDIBEN 2.400.000 UI;PENICILINA G BENZATINICA;ANTIBIOTICO;25;BAGO;19.60;1707239040;2;INYECTABLE
TRIAPEN 6.3.3;PENICILINA G BENZATINICA, PENICILINA G PROCAINICA, PENICILINA G POTASICA;ANTIBIOTICO;22.5;BAGO;17.80;1717693560;5;INYECTABLE
DIOXADOL G;METAMIZOL SODICO 500MG;ANALGESICO ANTIPIRETICO;56;BAGO;44.80;1662484800;3;GOTAS
CORTYPIREN GOTAS;BETAMETASONA 0.6MG;CORTICOSTEROIDE;50;BAGO;39.5;1691342580;3;GOTAS
OTAZOL;POLIMIXINA, NEOMICINA, BETAMETASONA, LIDOCAINA;ANTIINFECCIOSO ANTIINFLAMATORIO;45;BAGO;36.10;1678123500;2;GOTAS
NODOLEX GOTAS;PARACETAMOL 120MG;ANALGESICO ANTIPIRETICO;39;BAGO;29.25;1683394380;1;GOTAS
REFRIANEX GOTAS;PARACETAMOL, D ISOEFEDRINA, CLORFENIRAMINA;ANTIGRIPAL DESCONGESTIVO NASAL ANTIPIRETICO;43;BAGO;34.20;1707240900;2;GOTAS
BACTICEL;COTRIMOXAZOL;BACTERICIDA;42;BAGO;31.50;1665078120;2;SUSPENSION
BACTICEL FORTE;COTRIMOXAZOL;ANTIBIOTICO;65;BAGO;48.75;1675705560;1;SUSPENSION
PIRONAL FORTE;IBUPROFENO 200MG;ANALGESICO ANTIINFLAMATORIO ANTIPIRETICO;67;BAGO;53;1712426040;1;SUSPENSION
PIRONAL FLU FORTE;IBUPROFENO 200MG, PSEUDOEFEDRINA;ANTIPIRETICO ANALGESICO ANTIINFLAMATORIO DESCONGESTIONANTE;87;BAGO;68.90;1712426400;2;SUSPENSION
TUSIGEN;CLORFENIRAMINA, PSEUDOEFEDRINA, CODEINA;ANTITUSIVO DESCONGESTIONANTE;64;BAGO;51.30;1741284180;2;SOLUCION
TUSIGEN INFANTIL;CLORFENIRAMINA, D ISOEFEDRINA, CODEINA;ANTITUSIGENO DESCONGESTIONANTE;53;BAGO;42.20;1701885900;4;SOLUCION
TOCEX;EXTRACTO SECO DE HEDERA HELIX;EXPECTORANTE;62;BAGO;49.60;1707242880;4;SOLUCION
REFRIANEX JARABE;PARACETAMOL, PSEUDOEFEDRINA, CLORFENIRAMINA;ANTIGRIPAL DESCONGESTIVO NASAL ANTIPIRETICO;39;BAGO;30.80;1709748600;6;SOLUCION
REFRIANEX DIA SOBRE;PARACETAMOL, D ISOEFEDRINA, VITAMINA C;ANTIGRIPAL;7;BAGO;5.50;1691345640;28;POLVO
REFRIANEX SOBRE NOCHE;PARACETAMOL, D ISOEFEDRINA, CLORFENIRAMINA, VITAMINA C;;7;BAGO;5.50;1691346060;15;POLVO
REFRIANEX DIA/NOCHE;PARACETAMOL, D ISOEFEDRINA, CLORFENIRAMINA;ANTIGRIPAL;9.5;BAGO;7.6;1691346600;21;COMPRIMIDO
REFRIANEX COMPRIMIDO;PARACETAMOL, PSEUDOEFEDRINA, CLORFENIRAMINA;ANTIGRIPAL;3;BAGO;2.16;1686076500;498;COMPRIMIDO
ANEMIDOX SUSPENSION;HIERRO BISGLICINA QUELATO;ANTIANEMICO;87;INTI;63.75;1675780740;1;SUSPENSION
DEMOTIL AG;PROPINOX CLORHIDRATO, DIMETILPOLISILOXANO;ANTIESPASMODICO;34;INTI;;1675780980;3;GOTAS
DIPOSAN GOTAS;DIMETILPOLISILOXANO;ANTIFLATULENTO;33;INTI;26.40;1720363680;1;GOTAS
ECHINACEA MEDICA GOTAS;EXTRACTO DE ECHINACEA PURPUREA;SUBIR DEFENSAS;57;INTI;45.70;1715093460;3;GOTAS
MENTISAN PLUS GOTAS;ANTIGRIPAL;ANTIGRIPAL;35;INTI;28;1694098680;2;GOTAS
PANVIMIN MINERALIZADO GOTAS;VITAMINAS, MINERALES, OLIGOELEMENTOS;VITAMINAS MINERALES;42;INTI;;1673103660;6;GOTAS
ACD VIMIN GOTAS;VITAMINAS A C D;VITAMINAS A C D;52;INTI;;1654614300;3;GOTAS
AKTIVANAD ADULTO JARABE;SUPLEMENTO VITAMINICO;SUPLEMENTO VITAMINICO;64;INTI;50.90;1728313800;2;SOLUCION
AKTIVANAD INFANTIL;SUPLEMENTO VITAMINICO;SUPLEMENTO VITAMINICO;75;INTI;;1696691880;2;SOLUCION
AMEBIN SUSPENSION;SECNIDAZOL 150MG;AMEBICIDA;36;INTI;28.5;1696692120;1;SUSPENSION
MENTISAN PLUS SUSPENSION;ANTIGRIPAL;ANTIGRIPAL INFANTIL, ANTOGRIPAL;40;INTI;31.64;1720366140;0;SUSPENSION
TONICO INTI;AMINOACIDOS Y VITAMINAS;SUPLEMENTO VITAMINICO;53;INTI;43;1704641460;3;SOLUCION
TONICO INTI SC;AMINOACIDOS Y VITAMINAS;SUPLEMENTO VITAMINICO;53;INTI;;1691422860;1;SOLUCION
NEUROVIMIN;NEUROTONICA;NEUROTONICO;62;INTI;49.59;1678204500;2;SOLUCION
PANVIMIN MINERALIZADO JARABE;VITAMINAS MINERALES OLIGOELEMENTOS;SUPLEMENTO VITAMINICO;73;INTI;58;1725724680;3;SOLUCION
VIRUSAN SUSPENSION;ACICLOVIR 200MG;ANTIVIRAL;95;INTI;;1678204800;2;SUSPENSION
PANTUSIL JARABE;CODEINA, PSEUDOEFEDRINA, CLORFENIRAMINA;ANTITUSIVO;52;INTI;41;1688745780;3;JARABE
ZINC VIMIN JARABE;ZINC 20MG;DEFICIENCIA DE ZINC;47;INTI;;1657210140;6;SOLUCION
DG-6 60ML;PIRIDONIO CLORURO 10G;ANTISEPTICO;72;INTI;57.75;1738253640;2;SOLUCION
MULTIBIOTICOS;CLORURO DE DECUALINIO 0.25 MG-BENZOCAINA 10.0 MG;ACCION TERAPEUTICA-ANESTESICO-ANTISEPTICO;8;ABBOTT;6;1673134680;5;PASTILLA, Uncategorized
DOMPER GOTAS;DOMPERIDONA;ANTIEMETICO-ANTIDISPEPTICO;71;TECNOFARMA;56.60;1701994140;2;GOTAS
TAMSULON DUO;DUTASTERIDA-TAMSULOSINA CLORHIDRATO 0,5MG/0,4MG;HIPERTROFIA PROSTATICA BENIGNA;13;TECNOFARMA;10.1;1690762620;22;CAPSULA
REGENTAL PRENATAL;MULTIVITAMINAS CON MINERALES Y OLIGOELEMENTOS;PREVENCION O CORRECCION DE DESORDENES DURANTE EL EMBARZO Y LACTANCIA;4;TECNOFARMA;;1657240620;33;CAPSULA
REGENTAL E;MULTIVITAMINICO -ANTIOXIDANTE;DISMINUCION DEL RENDIMIENTO FISICO E INTELECTUAL.;4.50;TECNOFARMA;3.34;1683506820;20;CAPSULA
REGENTAL;MULTIVITAMINICO CON GINSENG Y OLIGOELEMENTOS;ENERGISANTE-ULTRAVITAL;3;TECNOFARMA;2.33;1667177580;28;CAPSULA
REDOXON 2G;VITAMINA C 2G;VITAMINA C;41;BAYER;;1696772580;0;COMPRIMIDO EFERVESCENTE
ABRILAR EA 575 JARABE;HEDERA HELIX;JARABE PARA LA TOS;72;ROEMMERS;56.55;1709906040;1;SOLUCION
PIRANTELINA SUSPENSION;PIRANTEL 250MG;ANTIHELMINTICO;20;INTI;;1744120980;5;SUSPENSION
COBAVIMIN COMPUESTO 25.000 INYECTABLE;VITAMINA B1B6B12;VITAMINAS INYECTABLE;19;INTI;14.76;1702044660;25;INYECTABLE
COBAVIMIN 10.000 INYECTABLE;VITAMINA B12;;11;INTI;8.17;1728396900;4;INYECTABLE
COBAVIMIN COMPUESTO 10.000;VITAMINA B1B6B12;VITAMINAS INYECTABLE;12;INTI;;1673187420;7;INYECTABLE
DOLOCOBAVIMIN COMPUESTO INYECTABLE;VITAMINA B1B6B12, DICLOFENACO 75MG;VITAMINAS INYECTABLE;38;INTI;30.30;1688826060;3;INYECTABLE
OMEGASTRIN INYECTABLE;OMEPRAZOL 40MG;PROTECTOR GASTRICO;55;INTI;;1662647100;1;INYECTABLE
QUETOROL 30 INYECTABLE;KETOROLACO 30MG;ANALGESICO ANTIINFLAMATORIO;10;INTI;7.6;1709908020;15;INYECTABLE
QUETOROL 60 INYECTABLE;KETOROLACO 60MG;ANALGESICO ANTIINFLAMATORIO;17;INTI;13.30;1688826720;8;INYECTABLE
MUXATIL 300 INYECTABLE;ACETILCISTEINA 300MG;MUCOLITICO;16;INTI;12.3;1751985300;12;INYECTABLE
DOLONEUROBION INYECTABLE;DICLOFENACO, LIDOCAINA, VITAMINA B1B6B12;ANALGESICO VITAMINAS;34;INTI;27.12;1696084860;1;INYECTABLE
FLOGIATRIN B12 NF INYECTABLE;PIROXICAM, VITAMINA B6B12;ANALGESICO VITAMINAS;62;MEGA LABS;49.59;1720449840;2;INYECTABLE
VIADIL COMPUESTO INYECTABLE;PROPINOX CLORHIDRATO 15MG, CLOXINATO DE LISINA 100MG;ANTIESPASMODICO ANALGESICO;24;MEGA LABS;17.25;1688827740;3;INYECTABLE
ALGIFENO 50MG;TRAMADOL CLORHIDRATO 50MG;ANALGESICO;2.50;INTI;;1686236280;20;COMPRIMIDO
ALGIFENO COMPUESTO;TRAMADOL CLORHIDRATO, PARACETAMOL;ANALGESICO ANTIPIRETICO;3;INTI;2.09;1715180460;50;COMPRIMIDO
BIOFLORA;SACHAROMICES BOULARDI 250MG;ANTIDIARREICO;6;MAVER;4.50;1678288560;6;POLVO
CIRUELAX FORTE;EXTRACTO SECO DE HOJAS DE CASSIA;LAXANTE;3;TERBOL;2.32;1670512920;26;COMPRIMIDO
DOLONEUROBION RETARD;VITAMINA B1B6B12, DICLOFENACO;ANALGESICO VITAMINAS;6.50;MERCK;;1673191680;0;COMPRIMIDO
DOLONEUROBION FORTE COMPRIMIDO;DICLOFENACO, TIAMINA, PIRIDOXINA, CIANOCOBALAMINA;ANALGESICO VITAMINAS;3.50;MERCK;2.60;1673191920;0;COMPRIMIDO
ESPASMOVERAMIDON;CLOXINATO DE LISINA, PROPINOX CLORHIDRATO;ANTIESPASMODICO ANALGESICO;3.50;INTI;2.90;1704728400;10;COMPRIMIDO
FLORESTOR;SACHAROMICES BOULARDII;ANTIDIARREICO;9;INTI;7.39;1680969420;39;POLVO
GLUCOPHAGE 500;METFORMINA CLORHIDRATO 500MG;HIPOGLICEMIANTE;2;INTI;1.5;1733673660;21;COMPRIMIDO
GLUCOVANCE 500/5;METFORMINA, GLIBENCLAMIDA;HIPOGLICEMIANTE;2.50;INTI;2.10;1691511060;113;COMPRIMIDO
INTIBROXOL COMPRIMIDO;AMBROXOL 30MG;EXPECTORANTE;1.50;INTI;1.14;1725811980;65;COMPRIMIDO
NEUROTRAT FORTE;VITAMINAS NEUROPATICAS;NEURITIS NEURALGIAS;2.50;INTI;1.97;1723134000;28;COMPRIMIDO
PIRANTELINA 250MG X 6 COMPRIMIDOS;PIRANTEL 250MG;ANTIHELMINTICO;22;INTI;;1746721440;4;COMPRIMIDO
QUETOROL 30SL;KETOROLACO TROMETAMINA 30MG;ANALGESICO ANTIINFLAMATORIO;4;INTI;3.04;1680193740;69;TABLETA SUBLINGUAL
QUETOROL 20 COMPRIMIDO;KETOROLACO 20MG;ANALGESICO;3.50;INTI;2.40;1791477180;118;COMPRIMIDO
REDULIP 600MG;GEMFIBROZILO 600MG;HIPOLIPEMIANTE;5.50;INTI;4.42;1759941480;48;COMPRIMIDO
SOMNICLONA;ZOPICLONA 7.5MG;HIPNOTICO;4;INTI;2.95;1725813600;22;COMPRIMIDO
TADIVON 16MG;CANDESARTAN CILEXETIL 16MG;ANTIHIPERTENSIVO;5;INTI;4.09;1673196120;17;COMPRIMIDO
TADIVON D;CANDESARTAN, HIDROCLOROTIAZIDA;ANTIHIPERTENSIVO DIURETICO;5;INTI;;1728405900;50;COMPRIMIDO
VERAMIDON MIGRA;CLONIXINATO DE LISINA, ERGOTAMINA TARTRATO;ANTIMIGRAÑOSO;3;INTI;;1665247620;37;COMPRIMIDO
VERAMIDON RELAX;CLONIXINATO DE LISINA, PRIDINOL MESILATO;ANALGESICO MIORELAJANTE;3.50;INTI;2.47;1675875000;18;COMPRIMIDO
VIRUSAN 5% CREMA;ACICLOVIR 5%;ANTIVIRAL;24;INTI;19;1688835480;0;CREMA
HEMORSAN 50GR;HAMAMELIS, DRAGOSANTOL, ACEITES ESENCIALES;;52;INTI;41.80;1723136400;1;UNGUENTO
QUEMACURAN L;SULFADIAZINA ARGENICA, LIDOCAINA;QUEMADURAS;54;INTI;43;1728406920;0;CREMA
LIDRAMINA;DIFENHIDRAMINA CLORHIDRATO 2%;ANTIALERGICO;34;INTI;26.60;1720458300;2;CREMA
DIPOSAN 100;DIMETILPOLISILOXANO 100MG;ANTIFLATULENTO;2;INTI;1.29;1778260320;118;COMPRIMIDO MASTICABLE
MUXATIL 200 POLVO;ACETILCISTEINA 200MG;MUCOLITICO EXPECTORANTE;6;INTI;4.50;1657300380;12;POLVO
MUXATIL 600 POLVO;ACETILCISTEINA 600MG;MUCOLITICO EXPECTORANTE;12;INTI;9.98;1691514900;31;POLVO
MAGNATIL CALCICO;MAGNESIO/VITAMINA C/CALCIO;TRATAMIENTO DE LA HIPOMAGNESEMIA ASOCIADA CON HIPOVITAMINOSIS C.;10;TECNOFARMA;7;1694214600;13;COMPRIMIDO EFERVESCENTE
MAGNATIL;MAGNESIO/VITAMINA C.;VITAMINOTERAPIA C CON MAGNESIO;8;TECNOFARMA;5.72;1688858700;12;COMPRIMIDO EFERVESCENTE
BEXON DUO;CLINDAMICINA /KETOCONAZOL;ANTIBIOTICO BACTERICIDA Y ANTIMICOTICO PARA USO TOPICO INTRAVAGINAL.;28;TECNOFARMA;;1657323960;3;CAPSULAS BLANDAS VAGINALES
BLADURIL;FLAVOXATO CLORHIDRATO 200MG;ANTIESPASMODICO URINARIO.;9;TECNOFARMA;6.75;1680220620;20;COMPRIMIDO
FLUXUS;FLUNARIZINA 10 MG;INSUFICIENCIA VASCULAR CEREBRAL;3;TECNOFARMA;;1667952120;51;COMPRIMIDO
LERTUS B1B6B12;DICLOFENACO SODICO +VIT.B1,B6,B12;ANALGESICO, ANALGESICO ANTIINFLAMATORIO ANTINEURITICO, ANTIINFLAMATORIO;4.5;TECNOFARMA;3.67;1667953800;54;COMPRIMIDO
FLOGENE RELAX;DICLOFENACO POTASICO-CARISOPRODOL 50 MG/350 MG;RELAJANTE MUSCULAR;5;TECNOFARMA;3.54;1717893300;32;COMPRIMIDO
TIALGIN TRAM;PARACETAMOL/TRAMADOL CLORHIDRATO;ANALGESICO PARA EL DOLOR MODERADO A SEVERO;6;TECNOFARMA;;1681001160;57;COMPRIMIDO
TIALGIN;PARACETAMOL 1 GR;ANALGESICO ANTIPIRETICO;3.5;TECNOFARMA;2.51;1683594000;53;COMPRIMIDO
URIDON F;NORFLOXACINO/FENAZOPIRIDINA CLORHIDRATO 400MG/100MG;ANTIBIOTICO BACTERICIDA DE AMPLIO ESPECTRO/ANALGESICO GENITOURINARIO.;11;TECNOFARMA;8.0;1681002240;33;COMPRIMIDO
C VIMIN ZINC EFERVESCENTE;VITAMINA C, ZINC;SUBIR DEFENSAS;4;INTI;2.70;1662741840;106;GRANULADO EFERVESCENTE
MAGNESIO VIMIN;MAGNESIO, ACIDO ASCORBICO;SUBIR DEFENSAS;5;INTI;;1665335520;21;GRANULADO EFERVESCENTE
PASUMA NF SL 50MG;SIDENAFIL 50MG;DISFUNCION ERECTIL;11;INTI;8.08;1668014160;36;TABLETA SUBLINGUAL
PASUMA NF SL 100MG;SIDENAFIL 100MG;DISFUNCION ERECTIL;13;INTI;10.45;1683652680;13;TABLETA SUBLINGUAL
BROMEX;BROMHEXINA  CLORHIDRATO 4MG/5ML;EXPECTORANTE-MUCOLITICO;24;TERBOL;20;1715295660;3;JARABE
GELBRONQUIAL;SALBUTAMOL SULFATO-AMBROXOL CLORHIDRATO;BRONCODILATADOR-EXPECTORANTE-MUCOLITICO;62;TERBOL;49;1715296380;3;JARABE
MOXILIN 250/5ML;AMOXICILINA 250MG/5MG;ANTIBACTERIANO;29;TERBOL;23;1668035940;2;SUSPENSION
COBANEURIN;COMPLEJO B;SUPLEMENTO VITAMINICO;27.5;TERBOL;;1678404240;3;JARABE
PIREDOL;PARACETAMOL 100MG/ML;ANALGESICO ANTIPIRETICO;25;TERBOL;20;1694302200;4;GOTAS
4 DERM 20GR;MICONAZOL NITRATO-GENTAMICINA-BETAMETASONA;ANTIMICOTICO-ANTIBACTERIANO-ANTIIFLAMATORIO.;43;TERBOL;34.50;1712705700;2;CREMA
4 DERM 10GR;MICONAZOL NITRATO-GENTAMICINA-BETAMETASONA;ANTIMICOTICO-ANTIBACTERIANO-ANTIIFLAMATORIO.;32;TERBOL;25;1719618060;1;CREMA
TERBOCYL FORTE;BENCILPENICILINA BENZATINICA-BENCILPENICILINA PROCAINICA-BENCILPENICILINA SODICA;ANTIBACTERIANO;26.50;TERBOL;19.90;1694303280;31;INYECTABLE
COBANEURIN 25.000;COMPLEJO B-VITAMINA B1,B6,B12;VITAMINAS.COMPLEJO B;16;TERBOL;;1691628240;4;INYECTABLE
BROMEX ADULTO;BROMHEXINA;MUCOLITICO-ESPECTORANTE.;7.5;TERBOL;;1673311680;22;INYECTABLE
ISOTON-C CALCICO;MAGNESIO-VITAMINA C-CALCIO;SUPLEMENTO VITAMINICO MINERAL-RECONSTITUYENTE;7.5;TERBOL;5.53;1723251000;9;COMPRIMIDO EFERVESCENTE
ISOTON-C;MAGNESIO-VITAMINA C;SUPLEMENTO VITAMINICO MINERAL-RECONSTITUYENTE;5.5;TERBOL;;1688950440;10;COMPRIMIDO EFERVESCENTE
A E VIMIN;VITAMINAS A E;VITAMINAS A E;1.50;INTI;1.13;1711806540;60;COMPRIMIDO
DOLOCOBAVIMIN COMPUESTO COMPRIMIDO;VITAMINAS B1B6B12, PIROXICAN;ANALGESICO VITAMINAS;4;INTI;2.79;1676037180;41;COMPRIMIDO
E VIMIN 1000;VITAMINA E 1000;ANTIOXIDANTE;3;INTI;;1657461420;14;CAPSULAS BLANDAS VAGINALES
ACITIP MASTICABLE;MAGALDRATO, SIMETICONA;HIPERACIDES GASTRICA;4;ROEMMERS;3.26;1715349660;13;COMPRIMIDO MASTICABLE
CORENTEL 10;BISOPROLOL FUMARATO 10 MG;ANTIPERTENSIVO;6;ROEMMERS;4.43;1715349900;10;COMPRIMIDO
ENDIAL DIGEST;CINITAPRIDA, SIMETICONA, PANCREATINA;DIGESTIVO ANTIFLATULENTO;6.50;ROEMMERS;;1665410880;9;COMPRIMIDO
FLOGIATRIN B12 NF COMPRIMIDO;PIROXICAM, B6B12;ANALGESICO VITAMINAS;6;ROEMMERS;4.65;1681136100;71;COMPRIMIDO
FLOGIATRIN POMADA;SALICILATO DE METILO, MENTOL;;71;ROEMMERS;56.55;1712759220;1;POMADA
MIGRADOLALGIAL;CLONIXINATO DE LISINA, ERGOTAMINA;ANTIMIGRAÑOSO;6.50;ROEMMERS;4.61;1661869860;9;COMPRIMIDO
MEDOCOR 20;ISOSORBIDA MONONIDRATO 20MG;VASODILATADOR ANTIANGINOSO;4;ROEMMERS;;1691678040;18;COMPRIMIDO
PLIDAN;VALERIANA, EXTRACTO DE TILIA, CICLOBENZAPRINA, EXTRACTO DE PASIFLORA;TRANQUILIZANTE SEDANTE;4;ROEMMERS;3.13;1657463760;44;COMPRIMIDO
SERTAL COMPUESTO;CLONIXINATO DE LISINA, PROPINOX CLORHIDRATO;ANALGESICO ANTIESPASMODICO;4;ROEMMERS;2.91;1678459260;10;COMPRIMIDO
VIADIL COMPUESTO NF COMPRIMIDO;CLONIXINATO DE LISINA 125MG, PROPINOX CLORHIDRATO 10MG;ANALGESICO ANTIESPASMODICO;5;ROEMMERS;3.74;1715352480;22;COMPRIMIDO
TROMBOFOB POMADA;HEPARINA SODICA 5.000UI;ANTITROMBOTICO, INHIBIDOR DE COAGULACION;42;INTI;33.40;1723301760;3;CREMA
COMPLEJO B COMPRIMIDO;VITAMINAS B1B6B12;VITAMINAS;0.40;INTI;0.20;1668092700;374;COMPRIMIDO
ENALAPRIL;ENALAPRIL MALEATO 10MG;ANTIHIPERTENSIVO;0.50;INTI;;1710083340;172;COMPRIMIDO
MULTIVITAMINAS;MULTIVITAMINAS;SUPLEMENTO VITAMINICO;0.50;INTI;;1681139520;288;COMPRIMIDO
BIOELASTODERM;COLAGENO HIDROLIZADO 2.5G;COLAGENO HIDROLIZADO;6.50;INTI;;1668093240;18;GRANULADO EFERVESCENTE
MENTISAN PLUS DIA CHERRY GRANULADO;PARACETAMOL, PSEUDOEFEDRINA, LORATADINA, VITAMINA C;ANTIGRIPAL;5;INTI;3.99;1720624920;43;GRANULADO EFERVESCENTE
MENTISAN PLUS DIA NARANJA GRANULADO;PARACETAMOL, PSEUDOEFEDRINA, LORATADINA, VITAMINA C;ANTIGRIPAL;5;INTI;3.79;1710084360;33;GRANULADO EFERVESCENTE
MENTISAN PLUS NOCHE PIÑA GRANULADO;PARACETAMOL, PSEUDOEFEDRINA, CLORFENIRAMINA, VITAMINA C;ANTIGRIPAL;5;INTI;;1691681340;1;GRANULADO EFERVESCENTE
C VIMIN 2000 NARANJA;ACIDO ASCORBICO 2G;SUBIR DEFENSAS;3.50;INTI;;1699630560;94;GRANULADO EFERVESCENTE
CONTRAVARIS;RUSCUS ACULEATUS 100MG;VARICES;2;INTI;;1673366220;50;CAPSULA
C VIMIN 1000 LIMON;ACIDO ASCORBICO 1G;SUBIR DEFENSAS;3;INTI;;1696953600;31;GRANULADO EFERVESCENTE
DEXTROTON FRASCO;VITAMINA B1, VITAMINA C, D GLUCOSA;ENERGETICO NUTRITIVO DESINTOXICANTE;73;INTI;58.30;1762790640;2;POLVO
DEXTROTON SOBRE;VITAMINA B1, C Y D GLUCOSA;ENERGETICO NUTRITIVO DESINTOXICANTE;5;INTI;3.75;1736525580;24;POLVO
DEPOPROVERA;ACETATO DE MEDROXIPROGESTERONA;ANTONCEPTIVO TRIMESTRAL;23;INTI;;1683735420;1;INYECTABLE
PANTERA;CAJA X 3;PRESERVATIVO;5;INTI;3.81;1739204760;6;CONDON
ANTIGRIPAL COMPUESTO;PARACETAMOL, CAFEINA, DIFENHIDRAMINA;ANTIGRIPAL;1.50;INTI;0.94;1736526720;285;COMPRIMIDO
SUPERAL DIGEST NARANJA;BICARBONATO DE SODIO, CARBONATO DE SODIO, ACIDO CITRICO;ANTIACIDO DIGESTIVO LAXANTE SUAVE;2.50;INTI;1.6;1702226100;75;POLVO
SUPERAL DIGEST LIMON;BICARBONATO DE SODIO, CARBONATO DE SODIO, ACIDO CITRICO;ANTIACIDO DIGESTIVO LAXANTE SUAVE;2.50;INTI;1.6;1673368740;17;POLVO
RESAKA;AAA, CAFEINA,BICARBONATO DE SODIO, ACIDO CITRICO, MANITOL;ANTIACIDO ANALGESICO;4;INTI;2.91;1689007380;38;GRANULADO EFERVESCENTE
MENTISAN PASTILLA EXTRA FUERTE;PASTILLA MENTA EXTRA FUERTE X 20;ALIVIAN LA TOS Y SUAVIZAN LA GARGANTA;17;INTI;13.5;1694364480;4;PASTILLA
MENTISAN PASTILLA MENTA;PASTILLA MENTA X 20;ALIVIAN LA TOS Y SUAVIZAN LA GARGANTA;17;INTI;13.50;1694364600;15;PASTILLA
MENTISAN PASTILLA TUTI FRUTTI;PASTILLA TUTTI FRUTTI X 20;ALIVIAN LA TOS Y SUAVIZAN LA GARGANTA;17;INTI;13.50;1673369700;2;PASTILLA
MENTISAN UNGUENTO 60G;POTE 60G;ALIVIA GRIPE TOS DOLORES REUMATICOS;27;INTI;22;1749574620;7;UNGUENTO
MENTISAN UNGENTO 40G;POTE 40G;ALIVIA GRIPE TOS DOLORES REUMATICOS;18;INTI;14.30;1760115720;8;UNGUENTO
MENTISAN UNGUENTO 25G;UNGUENTO MENTOLADO 25G;ALIVIA GRIPE TOS DOLORES REUMATICOS;10.50;INTI;8.38;1741626240;46;UNGUENTO
MENTISAN UNGUENTO 15G;UNGUENTO MENTOLADO 15G;ALIVIA GRIPE TOS DOLORES REUMATICOS;7;INTI;5.40;1741626600;39;UNGUENTO
ASPIRINA 500MG BAYER;ACIDO ACETIL SALICILICO 0.5G;DOLOR DE CABEZA RESFRIO;0.50;BAYER;0.32;1683738720;751;COMPRIMIDO
ASPIRINETAS 100MG BAYER;ACIDO ACETIL SALICILICO 100MG;ANTIAGREGANTE PLAQUETARIO ANALGESICO;0.50;BAYER;0.38;1689009600;732;COMPRIMIDO
MINIGYNON 30;LEVONOGESTREL, ETINILESTRADIOL;ANTICONCEPTIVO;20;BAYER;15;1683739500;6;COMPRIMIDO
BEBELAX LAXANTE;SOLUCION DE GLICERINA 56.5%;LAXANTE;14;INTI;11;1768066260;1;ENEMA
NAN OPTIPRO 1 400G 0-6 MESES;HIERRO Y PROBIOTICOS;LECHE EN POLVO;68;NESTLE;50.42;1670954100;0;POLVO
PEDIASURE CHOCOLATE 400G;AYUDA CRECIMIENTO DE LOS NIÑOS;ALIMENTO EN POLVO PARA EL CRECIMIENTO;113;ABBOTT;84.75;1657217520;0;POLVO
ENSURE VAINILLA 400G;VITAMINAS, MINERALES, PROTEINAS, ANTIOXIDANTES;NUTRICION COMPLETA;125;ABBOTT;86.80;1694369700;1;POLVO
GLUCERNA TRIPLECARE VAINILLA 400G;FORMULA NUTRICIONAL PARA DIABETICOS;FORMULA PARA DIABETICOS;145;ABBOTT;111.80;1673374620;1;POLVO
ACETAMOL 70ML;PARACETAMOL 120MG/5ML;ANALGESICO ANTIPIRETICO;17;IFARBO;;1653953400;3;JARABE
DERMOBENCIL CHAMPU;PERMETRINA 1GR-BENZOATO DE SODIO;LIENDRES Y LADILLAS, PEDICULICIDA.PARA PIOJOS;46;IFARBO;;1689032580;3;CHAMPU
CALMATOS;DIFENHIDRAMINA CLORHIDRATO 20MG/10ML-CLORURO DE AMONIO 200MG/10ML;ESPECTORANTE Y ANTIHISTAMINICO;45;IFARBO;34.35;1662853560;3;JARABE
CLENBROXOL SOLUCION;CLENBUTEROL 0,01MG/5ML-AMBROXOL CLORHIDRATO 15MG/5ML;EXPECTORANTE Y BRONCODILATADOR, MUCOLITICO;50;IFARBO;27;1665445980;5;SOLUCION
HEDRALIX SOLUCION;HEDERA HELIX 35MG/5ML;EXPECTORANTE;42;IFARBO;33.06;1662854700;0;SOLUCION
AROCARBOL 30ML GOTAS;CYNARA SCOLYMUS-MYRCIANTHES PSEUDOMATO-BACCHARIS TRIMERA-ROSMARINUS OFFICINALIS;DIGESTIVO;26;IFARBO;20.50;1693440720;3;SOLUCION
OTOPRIN;FLUOCINOLONA ACETONIDO-LIDOCAINA CLORHIDRATO-PROPILENGLICOL;ANTIINFLAMATORIO OTICO;32;IFARBO;24.48;1683764760;3;SOLUCION OTICA
MIEL ROSADA;LIDOCAINA CLORHIDRATO-EXTRACTO DE PETALOS DE ROSA-BENZOATO DE SODIO;ANTIINFLAMATORIO-ANESTESICO LOCAL Y ASTRINGENTE;18;IFARBO;14.17;1683765120;2;GOTAS, SOLUCION
EUCALIPTUS;ACEITE DE BERTHOLLETIA EXCELSA ACEITE ESENCIAL DE EUCALIPTUS;DESCONGESTIONANTE Y PURIFICADOR DE LAS VIAS RESPIRATORIAS, DESINFLAMANTE;21;IFARBO;;1654908240;7;ACEITE
AFTISAN PLUS GEL;FLUOCINOLONA ACETONIDO-LIDOCAINA CLORHIDRATO-CLORHEXIDINA CLORHIDRATO;ESTOMATITIS AFTOSA RECURRENTE;40;IFARBO;;1653958320;1;GEL
DIPIN 20;NIFEDIPINO 20MG;ANTIHIPERTENSIVO-ANTIAGINOSO;2;FARMEDICAL;1.27;1723338060;100;COMPRIMIDO
AMOXIDIN PLUS FORTE;AMOXICILINA 875 MG+ACIDO CLAVULANICO;ANTIBIOTICO BETALACTAMICO;6;FARMEDICAL;3.8;1653959280;15;COMPRIMIDO
TAMBOL FORTE;TRAMADOL 50MG+PARACETAMOL 500MG;ANALGESICO;5.5;FARMEDICAL;4.25;1707614100;29;COMPRIMIDO
ALIVIOL GEL;DICLOFENACO DIETILAMINA-DICLOFENACO SODICO -ACEITE DE LINAZA-METIL SALICILATO-MENTOL;ANTIINFLAMATORIO-ANALGESICO-ANTIRREUMATICO;32;FARMEDICAL;25.50;1665451260;1;GEL
FISIOLOGICO 0.9% 1000ML;SODIO CLORURO 9G, AGUA BIDESTILADA;SUERO FISIOLOGICO;14;INTI;10.44;1736608380;20;SOLUCION
FISIOLOGICO 0.9% 500ML;SODIO CLORURO 9G, AGUA BIDESTILADA;SUERO FISIOLOGICO;12;INTI;8.70;1757603700;20;SOLUCION
NEO B 500ML;SUERO VITAMINADO;SUERO VITAMINADO NEO B;25;INTI;19.37;1760195880;12;SOLUCION
RINGER NORMAL 500ML;SOLUCION RINGER NORMAL;RINGER NORMAL;12;INTI;;1752247320;7;SOLUCION
RINGER NORMAL 1000ML;SOLUCION RINGER NORMAL;SOLUCION RINGER NORMAL;15;INTI;11.80;1794410640;16;SOLUCION
NEO B 1000ML;NICOTINAMIDA, PIRIDOXINA,RIBOFLAVINA,CIANOCOBALAMINA,DEXTROSA,CLORURO DE SODIO, AGUA DESTILADA;SUERO VITAMINADO;35;INTI;27.50;1741706820;6;SOLUCION
RINGER LACTATO HARTMANN 1000ML;SOLUCION RINGER LACTATO;RINGER LACTATO;14;INTI;;1744385700;5;SOLUCION
SOLUCION GLUCOSA 5% 1000ML;SUERO GLUCOSADO 5%;SUERO GLUCOSADO;15.50;INTI;12.20;1791733080;4;SOLUCION
EQUIPO MICROGOTERO 150ML;MICROGOTERO 150ML;;16;NIPRO;12;1746978000;3;Uncategorized
ATENOLOL 100MG X  BLISTER;ATENOLOL 100MG;BETABLOQUEANTE;12;SAE S.A;0.97;1712850240;4;COMPRIMIDO
LOSARTAN 50MG SAE X BLISTER;LOSARTAN POTASIO 50MG X BLISTER;ANTIPERTENSIVO;12;SAE S.A;9.33;1699717620;33;COMPRIMIDO
COLCHICINA;COLCHICINA 0.5MG;ANTIGOTOSO;2.50;SAE S.A;;1681228320;127;COMPRIMIDO
SALBUTAMOL AEROSOL;SALBUTAMOL;ANTIASMATICO;28;SAE S.A;20.61;1689090900;6;AEROSOL
VITAMINA D3 SAE;COLECALCIFEROL 5.000UI;VITAMINA D3;1.50;SAE S.A;1.12;1660233420;43;CAPSULA
CLOTRIMAZOL 1% CREMA;CLOTRIMAZOL CREMA DERMICA;ANTIMICOTICO;13;SAE S.A;9.40;1707667260;5;CREMA
ACICLOVIR CREMA 5%;ACICLOVIR 5% 5G;ANTIVIRAL;10;SAE S.A;8.38;1693411440;3;CREMA
SILDENAFIL 100MG SAE;SIDENAFIL 100MG;DISFUNCION ERECTIL;10;SAE S.A;5.23;1704989700;2;COMPRIMIDO
AMOXICILINA 1 GR SAE;AMOXICILINA 1G;ANTIBIOTICO SISTEMICO;1.5;SAE S.A;0.72;1686500220;68;COMPRIMIDO
OMEPRAZOL 20MG SAE;OMEPRAZOL 20MG;ANTIULCEROSO;1;SAE S.A;0.70;1689092460;100;CAPSULA
METFORMINA 850MG;METFORMINA 850MG;HIPOGLICEMIANTE;1;SAE S.A;0.54;1703953380;107;COMPRIMIDO
ATORVASTATINA LCH 20MG;ATORVASTATINA 20MG LCH;HIPOCOLESTEROMIANTE;6;LABORATORIO CHILE;4.50;1660236420;22;COMPRIMIDO
DIGOXINA 0.25MG LCH;DIGOXINA 0.25MG CARDIOTONICO;INSUFIENCIA CARDIACA;1.50;LABORATORIO CHILE;1.11;1677603060;60;COMPRIMIDO
LOSARTAN POTASICO 50MG LCH;LOSARTAN POTASICO 50MG LCH;ANTIHIPERTENSIVO;2;LABORATORIO CHILE;1.61;1720716900;85;COMPRIMIDO
FUROSEMIDA 40MG LCH;FUROSEMIDA LCH;DIURETICO;2;LABORATORIO CHILE;1.37;1712854680;12;COMPRIMIDO
FLUOXETINA 20MG LCH;FLUOXETINA 20MG;ANTIDEPRESIVO;1;LABORATORIO CHILE;;1691773200;39;COMPRIMIDO
GLIBENCLAMIDA 5MG LCH;GLIBENCLAMIDA 5MG;HIPOGLICEMIANTE;0.80;LABORATORIO CHILE;0.60;1673456580;440;COMPRIMIDO
LORATADINA 10MG LCH;LORATADINA 10MG;ANTIALERGICO-ANTIHISTAMINICO;2;LABORATORIO CHILE;1.25;1712855160;66;COMPRIMIDO
LOPERAMIDA 2MG CHILE;LOPERAMIDA 2MG;ANTIDIARREICO;2.50;LABORATORIO CHILE;1.75;1683824880;18;COMPRIMIDO
PREDNISONA 5MG LCH;PREDNISONA 20MG;ANTIINFLAMATORIO CORTICOSTEROIDE;1;LABORATORIO CHILE;0.78;1699722660;90;COMPRIMIDO
EFECTEN 500MG COMPRIMIDO;AZITROMICINA 500MG;ANTIBIOTICO;21;SAE S.A;;1679592120;6;COMPRIMIDO
ROSVEL 10MG;ROSUVASTATINA 10MG;HIPOLIPEMIANTE;10;LABORATORIO CHILE;7.50;1689096240;15;COMPRIMIDO
MICCIONIL;TAMSULOSINA 0.4MG + DUTASTERIDA 0.5MG;ANTIANDROGENICO ANTIPROSTATICO;12;SAE S.A;9.65;1683826320;31;CAPSULA
ATEZ;DEFLAZACORT 30MG;ANTIINFLAMATORIO GLUCOCORTICOIDE;29;SAE S.A;;1660240020;0;COMPRIMIDO
ARMONYL DIA;ARMONYL DIA;SEDANTE NATURAL, TRANQUILIZANTE;3.5;MAVER;2.35;1683827400;25;COMPRIMIDO
ARMONYL NOCHE;SUAVE INDUCTOR DEL SUEÑO;SEDANTE NATURAL, TRANQUILIZANTE;4.5;MAVER;3.3;1676137980;40;COMPRIMIDO
DR BELL SPRAY;TERBINAFINA CLORHIDRATO;ANTIMICOTICO;73;SAE S.A;54.75;1665510900;1;SPRAY
DICLOFENACO GEL 1%;DICLOFENACO 1%;ANTIINFLAMTORIO-ANALGESICO;21;COFAR;16.60;1691884200;4;GEL
VITAMINAS B1 B6 B12;VITAMINAS B1 100MG  -B6 100MG - B12 25.000;ANTINEURITICO, NEUROTROFICO DE ACCION REFORZADA;14;COFAR;;1707782400;8;INYECTABLE
LEVOFLOXACINA 500MG USP.;LEVOFLOXACINA 500MG USP;ANTIBIOTICO QUINOLONICO;6.5;COFAR;;1723508100;7;COMPRIMIDO
BONAGEL PLUS BANANA;HIDROXIDO DE ALUMINIO-HIDROXIDO DE MAGNESIO-SIMETICONA;ANTIACIDO-ANTIINFLAMATORIO.;73;BRESKOT PHARMA;58.02;1765585980;3;SUSPENSION
COTRIMOXAZOL FORTE;SULFAMETOXAZOL 400MG TRIMETOPRIMA 80MG;ANTIBIOTICO BACTERICIDA DE AMPLIO ESPECTRO;24;COFAR;18;1702428120;9;SUSPENSION
DEXAMINO ORAL;L-ORNITINA-L-ASPARTATO 3GR;DESINTOXICANTE HEPATICO;42;BRESKOT PHARMA;;1739408760;4;GRANULOS
BIOFAR;ACIDO FOLICO 0,8MG;ANTIANEMICO;2.5;LAFAR;1.87;1657674540;75;COMPRIMIDO
CLOTRIMAZOL VAGINAL;CLOTRIMAZOL 1GR;ANTIMICOTICO;38;LAFAR;;1707786900;3;CREMA VAGINAL
GOLPEX gel;DICLOFENACO 1%;ANALGESICO ANTIINFLAMATORIO, DICLOFENACO GEL;39;SAE S.A;31.11;1719865680;2;UNGUENTO
POMPIGLOS 35G;OXIDO DE ZINC, ALOE VERA, ALANTOINA, RITINOL, PALMITATO, COLICALCIFEROL;ANTIESCALDANTE, ESCALDADURA;40;SAE S.A;31.14;1677616380;1;CREMA
VISIONAL 15 ML;TETRIZOLINA CLORHIDRATO;ENROJECIMIENTO DEL OJO;38;MAVER;30;1707079080;5;GOTAS
AQUABLAN 10ML;NAFAZOLINA CLORHIDRATO, ALCHOL POLIVINILICO;ENROJECIMIENTO DEL OJO;37;SAE S.A;28.96;1706647260;2;GOTAS
ASMABRON;SALBUTAMOL, BECLOMETAZONA;ANTIASMATICO, ASMA;139;SAE S.A;;1667162640;2;AEROSOL
AUTDOL 20ML;DICLOFENACO SODICO;ANALGESICO ANTIINFLAMATORIO ANTIFEBRIL;57;LABORATORIO CHILE;42.75;1667162760;1;GOTAS
T36 20MG;TADALAFILO;DISFUNCION ERECTIL;31;SAE S.A;25.50;1661892720;14;COMPRIMIDO
T36 PLUS;TADALAFILO 20MG, DAPOXETINA 60MG;DISFUNCION ERECTIL;32;SAE S.A;23.50;1685480100;10;COMPRIMIDO
REMEDOL DUO 60ML;IBUPROFENO 100MG, PARACETAMOL 125MG;ANALGESICO ANTIINFLAMATORIO;49;SAE S.A;36.75;1693602540;2;SUSPENSION
BROXMOL 100ML;AMBROXOL 15MG, SALBUTAMOL 1MG;BRONCODILATADOR MUCOLITICO;65;SAE S.A;51.16;1718313180;3;JARABE
REHSAL 60 FRUTILLA;SALES DE REHIDRATACION ORAL CITRATADA 60MEQ;SUERO DE REHIDRATACION ORAL;9;LABORATORIO CHILE;7.46;1699910100;29;POLVO
PARASIN SOBRE;DIOSMECTITA 3G;DIARREA AGUDA;12;SAE S.A;9;1654032060;15;POLVO
DUOCID SOBRE;OMEPRAZOL 20MG, BICARBONATO DE SODIO 1.680MG;ANTIACIDO., DIGESTIVO;9;SAE S.A;7.16;1685482020;26;POLVO
SANATUSIN NASAL;ACEITE DE MENTA, METIL SALISILATO, ACEITE DE EUCALIPTO, ACEITE DE ROSMARY;CONGESTION NASAL;18;SAE S.A;14.68;1664573520;2;INHALADOR NASAL
DOLOCTIRONA;PARACETAMOL 300MG, IBUPROFENO 200MG;ANALGESICO ANTIINFLAMATORIO, ANTIPIRETICO, DOLOR DE MUELA;2.50;LABORATORIO CHILE;1.98;1722375360;90;COMPRIMIDO
ACTIFEM;PARACETAMOL 325MG, IBUPROFENO 200MG CAFEINA 30MG;ANALGESICO, DOLOR MENSTRUAL;3;SAE S.A;2.07;1677793200;44;CAPSULA
ELIDOL NARANJA;MENTOL BP 10MG, BENZOCAINA BP 6MG;ANESTESICO, ANTISEPTICO, DOLOR DE GARGANTA;2.5;SAE S.A;1.50;1691962920;164;PASTILLA
ELIDOL FRAMBUESA;MENTOL BP 10MG, BENZOCAINA BP 6MG;DOLOR DE GARGANTA;2.5;SAE S.A;1.70;1686692820;91;PASTILLA
ELIDOL MIEL Y LIMON;MENTOL BP 10MG, BENZOCAINA BP 6MG;DOLOR DE GARGANTA;2.5;SAE S.A;1.70;1691963340;47;PASTILLA
ANTIGRIPAL COMPUESTO LCH DN;PARACETAMOL 500MG, PSEUDOEFEDRINA 60MG;ANTIGRIPAL;10;LABORATORIO CHILE;8;1684014600;33;COMPRIMIDO
DEFENDYL;VITAMINA C, ZINC, HIERRO;VITAMINA C ZINC;35;SAE S.A;27.59;1663105980;4;COMPRIMIDO EFERVESCENTE, Uncategorized
FEXON SPRAY 130G;REPELENTE DE INSECTOS;REPELENTE AEROSOL;39;SAE S.A;30.63;1689285360;1;SPRAY
FEXON ADULTO CREMA 100G;REPELENTE DE MOSQUITOS;REPELENTE;30;SAE S.A;23.34;1689285600;3;CREMA
FEXON INFANTIL CREMA 100G;REPELENTE DE MOSQUITOS;REPELENTE;29;SAE S.A;22.90;1684015320;5;CREMA
SOLARIS SPORT 90G;BLOQUEADOR SOLAR;BLOQUEADOR SOLAR;63;SAE S.A;;1668377040;0;CREMA
SOLARIS FACIAL 90G;BLOQUEADOR SOLAR;BLOQUEADOR SOLAR;63;SAE S.A;;1657750020;0;CREMA
MAXMEN BOOM;PRESERVATIVO CON GEL EXITANTE;CONDON, PRESERVATIVO;12;SAE S.A;;1736806200;3;CONDON
MAXMEN 3B;PRESERVATIVO RETARDANTE TEXTURADO AROMA A FRESA;CONDON, PRESERVATIVO;12;SAE S.A;;1728857520;4;CONDON
MAXMEN SENSITIVE;PRESERVATIVO EXTRA DELGADO CON RETARDANTE;CONDON, PRESERVATIVO;12;SAE S.A;;1713046500;4;CONDON
MAXMEN CONECTION;PRESERVATIVO TEXTURADO CON RETARDANTE;CONDON, PRESERVATIVO;12;SAE S.A;8.74;1728857760;1;CONDON
AMOXICILINA TUTTI FRUTTI 500MG 60ML;AMOXICILINA 500MG;ANTIBIOTICO;15;IFA;;1660429080;2;SUSPENSION
DICLOXACILINA TUTTI FRUTTI 250MG 100ML;DICLOXACILINA 250MG;ANTIBIOTICO;23;IFA;16.20;1726266360;3;SUSPENSION
METRONIDAZOL BANANA 250MG 100ML;ANTIPROTOZOARIO;ANTIPARASITARIO;40;IFA;31.72;1694644140;7;SUSPENSION
ERITROMICINA PIÑA 250MG 60ML;ANTIBIOTICO;ANTIBIOTICO;25;IFA;18.90;1702506780;3;SUSPENSION
DOMPERIDONA 10MG GOTAS;DOMPERIDONA SABOR FRUTILLA;ANTIEMETICO;21;IFA;16.06;1705185300;5;GOTAS
MEBENDAZOL 100MG;MEBENDAZOL ANTIPARASITARIO SABOR A VAINILLA;ANTIPARASITARIO;12.5;IFA;9.37;1668379020;4;SUSPENSION
MULTIVITAMINAS 100ML;SUPLEMENTO VITAMINICO SABOR FRUTILLA;MULTIVITAMINICO;27;IFA;20.25;1718318460;3;JARABE
PARACETAMOL 120MG;PARACETAMOL,  ANTIPIRETICO, ANALGESICO;ANALGESICO ANTIPIRETICO;12;IFA;9;1715640180;7;GOTAS
PARACETAMOL 100MG GOTAS;PARACETAMOL SABOR A TUTTI FRUTTI;ANALGESICO ANTIPIRETICO;10;IFA;7.10;1665701160;7;GOTAS
ZINC 20MG;SUPLEMENTO NUTRICIONAL SABOR A TUTTI FRUTTI;ZINC;30;IFA;;1673650140;2;JARABE
AMIODARONA 200MG;AMIODARONA;ANTIHIPERTENSIVO ANTIANGINOSO ANTIARRITMICO;3;IFA;2.18;1660431060;80;COMPRIMIDO
METRONIDAZOL 500MG;METRONIDAZOL;ANTIPARASITARIO;1.50;IFA;0.61;1718319180;104;COMPRIMIDO
COTRIMOXAZOL 400/80MG;COTRIMOXAZOL;ANTIMICROBIANO;1;IFA;0.75;1663109760;23;COMPRIMIDO
LOPERAMIDA 2MG IFA;LOPERAMIDA;ANDIARREICO;1;IFA;0.38;1676329140;202;COMPRIMIDO
ERITROMICINA 500MG;ERITROMICINA;ANTIBIOTICO;2.50;IFA;1.87;1705186920;124;COMPRIMIDO
INDOMETACINA 25MG;ENDOMETACINA;ANTIINFLAMATORIO;0.40;IFA;0.30;1686697440;120;COMPRIMIDO
TINIDAZOL 1G;TINIDAZOL;ANTIPARASITARIO;9;IFA;7.12;1694646360;6;COMPRIMIDO
ALBENDAZOL 200MG;ALBENDAZOL;ANTIPARASITARIO;3;IFA;2.28;1681427340;35;COMPRIMIDO MASTICABLE
ALOPURINOL 300MG;ALOPURINOL;ANTIGOTOSO;2;IFA;1.37;1674688200;35;COMPRIMIDO
LIDOCAINA 4% GEL;LIDOCAINA 4%;ANESTESICO;30;IFA;23.020;1711840440;0;CREMA
KETOCONAZOL 2% 15G;KETOCONAZOL 2%;ANTIMICOTICO;20;IFA;15.03;1715642160;3;CREMA
IFAMET 250MG suspension;METRONIDAZOL 250MG SABOR BANANA;ANTIPARASITARIO, ANTIPRO;53;IFA;39.75;1668381600;2;SUSPENSION
DOLOGRIP INFANTIL 100ML;CLORFENAMINA MALEATO 2MG, PSEUDOEFEDRINA HCI 15MG, DEXTROMETORFANO HBR 10MG, PARACETAMOL 125MG;ANALGESICO, ANTIGRIPAL, ANTIPIRETICO, ANTITUSIVO, DESCONGESTIVO NASAL;40;IFA;32.35;1703114520;0;SUSPENSION
DONTOFLAMON 100ML;PARACETAMOL 125MG, IBUPROFENO 100MG;ANALGESICO ANTIINFLAMATORIO ANTIFEBRIL;39;IFA;;1710372540;2;SUSPENSION
REDUTEM 20ML;METAMIZOL SODICO 500MG;ANALGESICO ANTIPIRETICO;60;IFA;;1691969700;0;GOTAS
DOLOGRIP 15ML;PARACETAMOL 120MG, CLORFENAMINA0.75MG, PSEUDOEFEDRINA HCI 7.5MG;ANTIGRIPAL;42;IFA;;1691969820;2;GOTAS
TERRACOLIN COMPRIMIDO;NIFUROXAZIDA 200MG;ANTIDIARREICO;1;IFA;0.75;1660434420;46;COMPRIMIDO
FERRICOM CAPSULA;FUMARATO FERROSO, ACIDO FOLICO, CIANOCOBALAMINA, ACIDO ASCORBICO;ANTIANEMICO;4.50;IFA;3.52;1678752120;35;CAPSULA
TRAMACETAMOL;TRAMADOL 37.5MG, PARACETAMOL 325MG;ANALGESICO;4.50;IFA;;1657757040;36;COMPRIMIDO
IFASAN LOSION 10%;ACIDO SALICILICO 10%;QUERATOLITICO;21;IFA;;1668384480;0;LOCION
REMASOL LOCION;ACIDO SALICILICO, ACIDO BENZOICO, TINTURA DE YODO;ANTIMICOTICO, ANTISEPTICO, QUERATOLITICO;21;IFA;;1655165400;2;LOCION
SARNOL 5% CREMA;BENZOATO DE BENCILO 5%;ESCABICIDA;25;IFA;;1697242620;6;CREMA
CLOTRIM BG CREMA;CLOTRIMAZOL 1G, BETAMETAZONA 0.05G, GENTAMICINA 0.1G;ANTIMICOTICO ANTIINFLAMATORIO ANTIBIOTICO, CREMA COMBINADA;45;IFA;36.50;1720916340;2;CREMA
ESCALDEX CREMA;VITAMINA A, VITAMINA D3, OXIDO DE ZINC, ALOE VERA;ANTIESCALDANTE, ESCALDADURA;35;IFA;;1707870060;1;CREMA
CLOTRIM 1% CREMA VAGINAL;CLOTRIMAZOL 1%;ANTIMICOTICO;69;IFA;51.75;1698711840;5;CREMA VAGINAL
TALCO PARA PITAI;MENTOL, ALCANFOR, OXIDO DE ZINC;ANTIPRUGINOSO;23;IFA;;1713054600;4;POLVO
GLUCOSAMIN 12;VITAMINA B1B6B12, DEXTROSA;ENERGETICO RECONSTITUYENTE DESINTOXICANTE;6;VITA PHARMA;4.30;1657810200;3;POLVO
DIGESTAN COMPUESTO;DIGESTAN;ANTIACIDO DIGESTIVO ANALGESICO;4;VITA PHARMA;2.90;1782831420;58;POLVO
COMPLEJO B CAPSULAS;VITAMINA B1B6B12;VITAMINAS.COMPLEJO B;0.50;UNIVERSAL PHARMA;0.23;1711119540;221;CAPSULA
AROCARBOL SOBRE;AROCARBOL;DIGESTIVO ANTIFLATULENTO;3.50;VALENCIA;2.10;1676386980;53;POLVO
DISFRUTA SOBRE;DISFRUTA;ANTIACIDO DIGESTIVO;2.50;MAVER;1.70;1699974360;47;POLVO
IBUFEN 800MG;IBUPROFENO 800MG;ANTIINFLAMATORIO ANTIRREUMATICO;1.50;IFARBO;1.87;1673709900;77;COMPRIMIDO
AROCARBOL COMPRIMIDO;AROCARBOL;DIGESTIVO ANTIFLATULENTO;1.50;VALENCIA;1.12;1663169220;73;COMPRIMIDO
ACETAMOL 1G;PARACETAMOL 1GR;ANALGESICO ANTIPIRETICO;1.50;IFARBO;;1697297400;154;COMPRIMIDO
IBUSEC 400MG;IBUPROFENO 400MG;ANTIINFLAMATORIO ANTIPIRETICO;0.60;UNICURE;0.40;1694705640;81;COMPRIMIDO
IBUSEC 600MG;IBUPROFENO 600MG;ANTIINFLAMATORIO ANTIPIRETICO;0.70;UNICURE;0.40;1694706000;106;COMPRIMIDO
IBUSEC 800;IBUPROFENO 800;ANTIINFLAMATORIO ANTIPIRETICO;1;UNICURE;0.45;1686757380;106;COMPRIMIDO
AMPICILINA 500MG;AMPICILINA 500MG;ANTIBIOTICO;1;MEDICAL PHARMA;0.36;1686757680;332;CAPSULA
AMOXICILINA 500MG CAPSULA;AMOXICILINA 500MG;ANTIBIOTICO;0.70;MEDICAL PHARMA;0.36;1703951460;528;CAPSULA
HCG CASETT;HCG;PRUEBA DE EMBARAZO;10;MEDICAL PHARMA;2.70;1697299200;6;CASETTE
AZUFRE EN POLVO 30G;AZUFRE;ESCABICIDA, QUERATOLITICO;3;TELCHI;2.25;1678810440;18;POLVO
SULFATIAZOL 1G;ZULFATIAZOL 1G;ANTIBACTERIANO;4;TELCHI;3;1684081320;21;POLVO
DOLORSAN UNGUENTO;REUMALGIN;ANALGESICO;10;;6.66;1730391900;29;UNGUENTO
BICARBONATO DE SODIO IFARBO;BICARBONATO DE SODIO;HIPERACIDES GASTRICA;3;IFARBO;2.30;1676392140;25;POLVO
SULFATO DE MAGNESIA POLVO;SULFATO DE MAGNESIA;SULFATO DE MAGNESIA;2.50;IFARBO;1.87;1697301180;44;POLVO
BICARBONATO DE SODIO TELCHI;BICARBONATO DE SODIO;BICARBONATO DE SODIO;2.50;TELCHI;0.90;1689352560;64;POLVO
GORROS DESECHABLES;GORRO BLANCO;GORRO;2;NIPRO;1.5;1878741600;190;Uncategorized
PARACETAMOL 500MG SAE;PARACETAMOL;ANALGESICO ANTIPIRETICO;0.25;SAE S.A;0.14;1694711700;1491;COMPRIMIDO
MASCULAN FRUTTI EDITION;PRESERVATIVO TUTTI FRUTTI;CONDON, PRESERVATIVO;14;IFA;9.84;1697305620;6;CONDON
MASCULAN LONG PLEASURE;PRESERVATIVO RETARDANTE;CONDON, PRESERVATIVO;14;IFA;9.84;1707932940;4;CONDON
MASCULAN SENSITIVE #1;NATURAL;CONDON;13;IFA;9.10;1720979460;5;CONDON
MASCULAN RIBBED + DOTTED #3;EXTRA SENSITIVO CON PUNTOS Y ESTRIAS;CONDON;13;IFA;9.10;1694713920;11;CONDON
MASCULAN EXTRA DOBLE PROTECCION;CONDON;CONDON;16;IFA;12.54;1726336500;9;CONDON
MASCULAN LUBRICANTE GEL 50ML;LUBRICANTE;LUBRICANTE;56;IFA;;1677779820;2;GEL
CLOTRIMAZOL;CLOTRIMAZOL 100MG.;ANTIMICOTICO;4;LAFAR;3;1673738640;79;OVULO
TRIMONIL PLUS NF.;TINIDAZOL 150MG-MICONAZOL BASE 100MG;TRICOMONICIDA-ANTIMICOTICO;4;LAFAR;3;1700004780;27;OVULO VAGINAL
LURANIL;NORFLOXACINA  400MG- FENAZOPIRIDINA CLORHIDRATO 100MG;ANTIBACTERIANO-ANALGESICO URINARIO;5;LAFAR;4.20;1693438920;44;CAPSULA
RELAXICAM;PIROXICAM 10MG-CARISOPRODOL 300MG;ANALGESICO-ANTIINFLAMATORIO-RELAJANTE MUSCULAR;2.5;LAFAR;1.74;1671061620;125;CAPSULA
CIPROFAR;CIPROFLOXACINA BASE 500MG;ANTIBACTERIANO SISTEMICO.;2.5;LAFAR;1.99;1752537120;129;COMPRIMIDO
UROFAR FUERTE;SULFAMETIZOL 500MG-FENAZOPIRIDINA CLORHIDRATO 100MG;ANTIBACTERIANO-ANTISEPTICO.;2.5;LAFAR;2;1721001360;66;CAPSULA
TYPIREC INFANTIL SUSPENSION;PARACETAMOL-FENILEFRINA CLORHIDRATO-CLORFENIRAMINA MALEATO DEXTROMETORFANO BROMHIDRATO.;ANTIGRIPAL;38;LAFAR;30;1774915380;3;SUSPENSION
FLEMEX J.A.T FORTE;CODEINA-PSEUDOEFEDRINA CLOR-CLORFENAMINA MALEATO;ANTITUSIVO-ESPECTORANTE-MUCOLITICO Y ANTIALERGICO;78;RECALCINE;58.5;1657844280;0;JARABE
ACERDIL 10MG;LISINOPRIL 10MG;ANTIHIPERTENSIVO;5.5;RECALCINE;;1671064440;30;COMPRIMIDO
CORODIN 50MG;LOSARTAN POTASICO 50MG;ANTIHIPERTENSIVO;7.5;RECALCINE;5.62;1665794340;25;COMPRIMIDO
NORMOLIP;FENOFIBRATO MICRONIZADO 200MG;MANTENIMIENTO DE LOS NIVELES FISIOLOGICOS DEL COLESTEROL Y TRIGLICERDOS;11;RECALCINE;;1663202520;10;CAPSULA
IVERMECTINA 6MG;IVERMECTINA 6MG;ANTIPARASITARIO-ANTIVIRAL.;10;HAHNEMANN;7.81;1663202820;1;COMPRIMIDO
METOCLOPRAMIDA;METOCLOPRAMIDA 10MG;ANTIEMETICO PROCINETICO INTESTINAL;1;HAHNEMANN;0.28;1663203120;53;COMPRIMIDO
ENALAPRIL MALEATO blister;ENALAPRIL MALEATO 10MG;ANTIHIPERTENSIVO;3.5;HAHNEMANN;;1673744520;34;COMPRIMIDO
ECHINACEA COMPLEX GOTAS;ECHINACEA PURPUREA.;PROMUEVE LA FUNCION INMUNOLOGICA;43;HAHNEMANN;27.93;1661907960;6;GOTAS
ECHINACEA COMPLEX;ECHINACEA PURPUREA.;PROMUEVE LA FUNCION INMUNOLOGICA;2.5;HAHNEMANN;;1655255340;13;COMPRIMIDO
CEFIXCRIS 100;CEFIXIMA BASE 100MG/5ML;ANTIBIOTICO CEFALOSPORINICO;50;HAHNEMANN;35.70;1686791460;3;SUSPENSION
GLICENEX 500;METFORMINA CLORHIDRATO 500MG;HIPOGLICEMIANTE;1.50;BAGO;1.20;1689427620;37;COMPRIMIDO
FLUIDIMED 200 SOBRE;ACETILCISTEINA 200MG;ANTIOXIDANTE, FLUIDIFICANTE, MUCOLITICO;6;BRESKOT PHARMA;;1726408140;0;POLVO
COFARGOT FORTE;ERGOTAMINA 1MG, PARACETAMOL 650MG, CAFEINA 100MG;ANTIMIGRAÑOSO POTENTE, DOLOR DE CABEZA;5.50;BRESKOT PHARMA;3.55;1763214660;31;COMPRIMIDO
NOVADOL 75;DICLOFENACO  GASTRORRESISTENTE 75MG,  PARACETAMOL DC 500MG;ANALGESICO ANTIINFLAMATORIO;6;BRESKOT PHARMA;3.87;1776261180;77;CAPSULA
NOVADOL;DICLOFENACO GASTRORRESISTENTE 50MG, PARACETAMOL DC 500MG;ANALGESICO ANTIINFLAMATORIO;4;BRESKOT PHARMA;2.86;1763215020;249;CAPSULA
TRASSIL 1G CEREZA;PARACETAMOL 1G;ANALGESICO ANTIPIRETICO;8;BRESKOT PHARMA;5.78;1744725600;87;POLVO
ESPASMOLOXADIM FORTE COMPRIMIDO;CLONIXINATO DE LISINA 250MG, PROPINOXATO 20MG;ANALGESICO, ANTIESPASMODICO;6;BRESKOT PHARMA;4.5;1765807380;49;COMPRIMIDO
AMOXICILINA 500MG/5ML;AMOXICILINA 500MG;ANTIBIOTICO;25;COFAR;19.77;1800022320;5;SUSPENSION
AMBROXOL 15MG/5ML;AMBROXOL 15MG SABOR PIÑA;EXPECTORANTE, MUCOLITICO;20;COFAR;15.30;1778855700;7;JARABE
AMBROXOL 30MG/5ML;AMBROXOL 30 SABOR PIÑA;EXPECTORANTE-MUCOLITICO;21;COFAR;16.17;1752590580;7;JARABE
COTRIMOXAZOL 200/40MG/5ML;SULFAMETOXAZOL 200MG, TRIMETOPRIMA 40MG;ANTIBIOTICO;20;COFAR;14.66;1747320300;4;SUSPENSION
DEXTROMETORFANO 10MG/5ML;DEXTROMETORFANO SABOR NARANJA-LIMON;ANTITUSIVO;16;COFAR;11.54;1771167000;7;JARABE
IBUPROFENO 100MG/5ML;IBUPROFENO 100 SABOR CEREZA;ANTIFEBRIL-ANALGESICO-ANTIINFLAMATORIO;17;COFAR;12.61;1771167120;7;SUSPENSION
BONAGEL SABOR MENTA 120ML;HIDROXIDO DE MAGNESIO, HIDROXIDO DE ALUMINIO;ANTIACIDO.;33;BRESKOT PHARMA;26;1776264960;3;SUSPENSION
BONAGEL PLUS 200ML CHERRY;HIDROXIDO DE MAGNESIO, HIDROXIDO DE ALUMINIO, SIMETICONA;ANTIACIDO-ANTIFLATULENTO;73;BRESKOT PHARMA;58.02;1721055600;4;SUSPENSION
CLOBETASOL 0.05%;CLOBETASOL CREMA;ANTIINFLAMATORIO, CORTICOIDE.;32;COFAR;26.22;1763219700;5;CREMA
BACITRACINA NEOMICINA 10G;BACITRACINA NEOMICINA 10G;ANTIBIOTICO TOPICO;18;COFAR;13.77;1736954340;4;CREMA
HIDROCORTISONA 1% CREMA;HIDROCORTISONA;CORTICOIDE ANTIINFLAMATORIO;20;COFAR;15.28;1731684060;6;CREMA
DEXAMETASONA 0.1% OFTALMICA;DEXAMETASONA;CORTICOIDE.;39;COFAR;;1686842700;2;GOTAS
CLORANFENICOL 0.5% OFTALMICA;CLORANFENICOL;ANTIBIOTICO;34;COFAR;;1671117960;3;GOTAS
VITAMINA C MASTICABLE X BLISTER;VITAMINA C;VITAMINA C MASTICABLE;1.50;VALENCIA;0.82;1710521160;719;COMPRIMIDO MASTICABLE
AMLODIPINO 5MG;AMLODIPINO 5MG;ANTIANGINOSO, ANTIPERTENSIVO;2;LA SANTE;1.50;1668531300;20;COMPRIMIDO
AMLODIPINO 10MG;AMLODIPINO 10MG;ANTIHIPERTENSIVO-ANTIAGINOSO;2;LA SANTE;1.40;1657904340;52;COMPRIMIDO
DOMPER DIGEST COMPRIMIDO;DOMPERIDONA, SIMETICONA, PANCREATINA;DIGESTIVO ANTIFLATULENTO;3;TECNOFARMA;2.31;1680196500;47;COMPRIMIDO
AZITROMICINA 500MG;AZITROMICINA;ANTIBIOTICO;8;LA SANTE;5.81;1689441480;6;COMPRIMIDO
CLARITROMICINA 500MG;CLARITROMICINA;ANTIBIOTICO;5;LA SANTE;;1692120240;9;COMPRIMIDO
CEFALEXINA 500MG CAPSULA;CEFALEXINA;ANTIBIOTICO;2.50;LA SANTE;1.95;1713201900;14;CAPSULA
CIPROFLOXACINO 500MG;CIPROFLOXACINO;ANTIBIOTICO;2;LA SANTE;1.50;1676482140;0;COMPRIMIDO
NITAZOXANIDA 500MG X 6 COMPRIMIDO;NITAZOXANIDA;ANTIPARASITARIO;33;LA SANTE;26.27;1700069580;6;COMPRIMIDO
MONTELUKAST 10MG;MONTELUKAST SODICO;ANTIASMATICO, ASMA;12;LA SANTE;9.30;1689442500;6;COMPRIMIDO
LAGRIMAS ARTIFICIALES;HIDROXIPROPIL METILCELULOSA;LAGRIMAS;20;LA SANTE;15;1655315760;0;GOTAS
AMOXICILINA 250MG/5ML;AMOXICILINA 250;ANTIBIOTICO;20;LA SANTE;13.66;1693419240;5;SUSPENSION
AZITROMICINA 200MG/5ML;AZITROMICINA;ANTIBIOTICO;30;LA SANTE;23.62;1681582560;1;SUSPENSION
BARBIJO DESECHABLE;BARBIJO;BARBIJO;1;;0.24;1673814660;826;Uncategorized
RESFRIOLITO GOTAS;SALICILATO DE SODIO, CLORFENIRAMINA MALEATO;ANTIGRIPAL INFANTIL;53;ALCOS;42.42;1800046860;1;GOTAS
AZITROALCOS 200MG/5ML;AZITROMICINA;ANTIBIOTICO MACROLIDO;78;ALCOS;;1747343040;2;SUSPENSION
ALERGIN JARABE 60ML;CLORFENIRAMINA;ANTIALERGICO-ANTIHISTAMINICO;33;ALCOS;26.17;1788123900;1;JARABE
ALERGIN COMPRIMIDO;CLORFENIRAMINA;ANTIALERGICO-ANTIHISTAMINICO;1.50;ALCOS;1.14;1768511220;287;COMPRIMIDO
CURADIL 90 250ML;SALES DE REHIDRATACION ORAL SABOR;SUERO DE REHIDRATACION ORAL;27;ALCOS;216.200;1702676040;2;SOLUCION
CALMADOLCITO MASTICABLE;ACIDO ACETIL SALICILICO 100MG;ANALGESICO, ANTIINFLAMATORIO, ANTIPIRETICO;0.50;ALCOS;0.37;1747345080;48;Uncategorized
ALCOFEN FEMENINO;PARACETAMOL, CAFEINA;DOLOR MENSTRUAL;2;ALCOS;0.75;1768513740;112;COMPRIMIDO
ALCOFEN FEMENINO NF;PARACETAMOL, IBUPROFENO, CAFEINA;ANALGESICO ANTIINFLAMATORIO, DOLOR MENSTRUAL;2.50;ALCOS;2.06;1689457980;51;COMPRIMIDO
METROGYN OVULO;METRONIDAZOL 500MG;OVULO VAGINAL, TRICOMONICIDA;6;ALCOS;4.15;1781560740;20;OVULO VAGINAL
ALCOLAX COMPRIMIDO;BISACODILO 5MG;LAXANTE;1.50;ALCOS;1.12;1765836060;60;COMPRIMIDO
RESFRIOLITO MASTICABLE;ACIDO ACETIL SALICILICO, CLORFENIRAMINA, FENILEFRINA MALEATO;ANTIGRIPAL INFANTIL;1;ALCOS;0.59;1713218760;182;COMPRIMIDO MASTICABLE
CALMADOL;ACIDO ACETILSALICILICO, CAFEINA;ANALGESICO ANTIINFLAMATORIO ANTIFEBRIL;0.50;ALCOS;0.37;1744755000;50;COMPRIMIDO
ALCODERM 20G;GENTAMICINA, TALNAFTATO, BETAMETASONA, IODOCLOROHIDROXIQUINOLONA;ANTIALERGICA, ANTIINFLAMATORIO, ANTIMICROBIANA, FUNGICIDA;44;ALCOS;34.92;1757975760;8;CREMA
ALCODERM 10G;GENTAMICINA, TALTAFNATO, BETAMETASONA, IODOCLOROHIDROXIQUINOLONA;ANTIALERGICA, ANTIINFLAMATORIO, ANTIMICROBIANA, FUNGICIDA;31;ALCOS;251.300;1765838400;4;CREMA
ALCODION JARABE NIÑOS;CODEINA CANFOSULFONATO;ANTITUSIVO;62;ALCOS;46.50;1744757040;1;JARABE
CLORFENIRAMINA BLISTER;CLORFENIRAMINA 4MG;Antihistamínico;3;HAHNEMANN;;1663288140;33;COMPRIMIDO
FUROSEMIDA;FUROSEMIDA 40MG;DIURETICO;3;HAHNEMANN;;1708043580;27;COMPRIMIDO
DICLOFENACO GEL 1%;DICLOFENACO DIETILAMINO 1,16 GR EQUIVALENTE A DICLOFENACO SODICO 1GR-PROPILENGLICOL.;ANALGESICO-ANTIIFLAMATORIO;15;MINERVA S.R.L.;;1668559980;0;GEL
LOCION POVIDINE LITEL 10%;POVIDONA YODADA;ANTISEPTICO-DESINFECTANTE;12;TELCHI;8.50;1704589080;1;LOCION
AGUA OXIGENADA 60ML;PEROXIDO DE HIDROGENO AL 3%;ANTISEPTICO Y DESINFECTANTE;7;IFARBO;4;1673830860;19;SOLUCION
AGUA OXIGENADA 125ML;PEROXIDO DE HIDROGENO AL 3%;ANTISEPTICO-DESINFECTANTE;10;IFARBO;7.35;1660612080;17;SOLUCION
ESENCIA LIQUIDA DE MENTA;ALCOHOL ETILICO,AGUA Y SABORIZANGTE DE MENTA EXTRA;SENCIA LIQUIDA GRADO ALIMENTICIO;10;TELCHI;;1700097840;2;ESENCIA LIQUIDA
TINTURA DE YODO 30ML;POVIDONA YODADA AL 2%;ANTISEPTICO-DESINFECTANTE;7;IFARBO;;1667179980;5;SOLUCION
VIOLETA DE GENCIANA;VIOLETA GENCIANA 1%;ANTISEPTICO Y DESINFECTANTE DERMATOLOGICO;6;IFARBO;3;1686879660;24;SOLUCION
PRAZOLE 40;OMEPRAZOL 40MG;ANTIULCEROSO, PROTECTOR GASTRICO;3;UNICURE;2.25;1681651740;58;CAPSULA
SUERO DE REHIDRATACION ORAL;SUERO DE REHIDRATACION SABOR FRUTILLA;sales de rehidratacion oral;3;UNIVERSAL PHARMA;1.24;1684244100;0;POLVO
VOSAR 50;LOSARTAN POTASICO 50MG;ANTIHIPERTENSIVO;1;UNICURE;0.66;1700141820;143;COMPRIMIDO
FLAGON 50;DICLOFENACO 50MG;ANALGESICO ANTIINFLAMATORIO;0.20;UNICURE;0.13;1677591660;88;COMPRIMIDO
FLAGON 100;DICLOFENACO 100MG;;0.40;UNICURE;0.20;1708091040;650;COMPRIMIDO
RESFRIOL;PARACETAMOL, CLORFENIRAMINA, FENILEFRINA;ANTIGRIPAL, DESCONGESTIVO NASAL;1.50;ALCOS;1.12;1657979520;249;COMPRIMIDO
TOSALCOS PASTILLA;DEXTROMETORFANO;PASTILLA PARA LA TOS;4;ALCOS;3;1805205360;30;PASTILLA
ZINC 50MG TABLETA;ZINC 50MG;ZINC;2;;;1681653480;22;COMPRIMIDO
CLOVIR 200;ACICLOVIR 200 MG;;1;UNICURE;0.75;1655388540;43;COMPRIMIDO
CLOVIR 400MG;ACICLOVIR 400MG;ANTIVIRAL;2;UNICURE;1.50;1657980660;68;COMPRIMIDO
CLOVIR 800MG;ACICLOVIR 800MG;ANTIVIRAL;3;UNICURE;;1657980840;8;COMPRIMIDO
COLECTOR ESTERIL DE ORINA;;;3;NIPRO;1.80;1750089300;57;Uncategorized
COLECTOR DE HECES ESTERIL;;;3;NIPRO;1.80;1744819020;93;Uncategorized
COLECTOR DE ORINA PARA BEBE;;;2;NIPRO;1.50;1689523260;9;Uncategorized
JERINGA 10ML;;;1.50;NIPRO;0.70;1773676920;92;Uncategorized
AGUA OXIGENADA 1000ML 10 VOL;;;15;TELCHI;10;1681661880;0;Uncategorized
ALCOHOL 70% 1000ML;;;21;TELCHI;;1673886120;4;Uncategorized
ALCOHOL 70% 1000ML;;;26;TELCHI;;1655396580;0;Uncategorized
ALCOHOL 96% 900ML;;;20;TELCHI;14;1705681560;6;Uncategorized
ALCOHOL 70% 500ML CON ATOMIZADOR;;;15;TELCHI;;1657988820;2;Uncategorized
ALCOHOL 96% 500ML;;;11;TELCHI;;1673886480;5;Uncategorized
ALCOHOL 70% 120ML;;;5;TELCHI;2.50;1655397600;12;Uncategorized
ALCOHOL 96% 120ML;;;5;TELCHI;3.30;1663346460;4;Uncategorized
ALCOHOL GUABIRA 1 LITRO;;;13;;;1684255440;5;Uncategorized
ALCOHOL EN GEL 500ML;;;23;TELCHI;17.25;1657989900;5;Uncategorized
PAÑAL HUGGUIES XG;;;2.50;HUGGIES;1.70;1718556960;12;Uncategorized
GUANTES DESECHABLE TALLA M;;;2;;1.40;1715878620;41;Uncategorized
GUANTES DESECHABLE TALLA S;;;2;;0.70;1701363600;83;Uncategorized
GUANTES DESECHABLE TALLA L;;;2;;;1715878920;50;Uncategorized
MELOP 15;MELOXICAN 15MG;;1;;;1655399100;6;COMPRIMIDO
RENIT 150 X BLISTER;RANITIDINA 150MG;ANTIULCEROSO;3;UNICURE;2.25;1681664820;12;COMPRIMIDO
RENIT 300;RANITIDINA 300MG;ANTIULCEROSO;0.50;UNICURE;0.37;1655399400;162;COMPRIMIDO
FLORINA 28;;ANTICONCEPTIVO;11;UNICURE;6;1692205920;6;COMPRIMIDO
JERINGA DESECHABLE 3ML;;;1;NIPRO;0.43;1773681420;51;Uncategorized
JERINGA DESECHABLE 5ML;;;1;NIPRO;0.50;1721150340;161;Uncategorized
JERINGA DESECHABLE 20ML;;;2;NIPRO;1.20;1744824180;58;Uncategorized
BUCALVEX ANTISEPTICO;CLORHEXIDINA CLORHIDRATO, MENTOL;ANTISEPTICO BUCAL;1;IFARBO;0.75;1665941640;75;COMPRIMIDO
NUTRIZINC 20;ZINC 20MG;VITAMINA;1;IFARBO;0.54;1676568960;30;COMPRIMIDO
MAGNESIA NORMAL IFARBO;HIDROXIDO DE MAGNESIO;ANTIACIDO DIGESTIVO LAXANTE SUAVE, LAXANTE;12;IFARBO;9.40;1678988280;8;SUSPENSION
MAGNESIA IFARBO MENTA;HIDROXIDO DE MAGNESIO 8%-BENZOATO DE SODIO-GLICERINA.;ANTIACIDO-LAXANTE;12;IFARBO;9.40;1681688880;11;SUSPENSION
AZUFRE JABON;AZUFRE 10%;ESCABICIDA Y QUERATOLITICO;9;IFARBO;;1676591880;15;JABON
MUXATIL 10MG/5ML;ACETILCISTEINA 100MG;MUCOLITICO EXPECTORANTE;37;INTI;29.30;1676642940;3;JARABE
LENOR;LEVONOGESTREL 1.5MG;ANTICONCEPTIVO DE EMERGENCIA, DIA D;18;UNICURE;10;1671288780;8;COMPRIMIDO
ONAZOLE 200;FLUCONAZOL 200MG;ANTIFUNGICO;4;UNICURE;3;1689605880;102;CAPSULA
DYMERAL;CETIRIZINA 10MG;ANTIALERGICO-ANTIHISTAMINICO;1.50;UNICURE;0.43;1660748520;54;COMPRIMIDO
NEROBION;VITAMINA B1B6B12;VITAMINA;0.40;DISMEDIN;0.30;1675179180;490;COMPRIMIDO
CEFRADINA;CEFRADINA 500MG;ANTIBIOTICO;2;DISMEDIN;1.30;1688226060;54;CAPSULA
BUTILBROMURO DE HIOSINA;BUTILBROMURO DE HIOSCINA 10MG;ANALGESICO ANTIESPASMODICO, ANTIESPASMODICO;2.50;DISMEDIN;1.87;1671291780;79;COMPRIMIDO
BRANULA N° 20;CATETER , BRANULA;BRANULA;6;NIPRO;4.50;1713372240;11;Uncategorized
BRANULA N° 22G;CATETER, BRANULA;BRANULA;6;NIPRO;3.80;1774889160;61;Uncategorized
BRANULA N° 24G;CATETER, BRANULA;BRANULA;6;NIPRO;3.90;1752770880;18;Uncategorized
RIFAMICINA 1G SPRAY;RIFAMICINA SODICA;ANTIBIOTICO TOPICO;33;INDUFAR;26;1726591800;2;AEROSOL
AGUJA VERDE 21G LARGA;;;0.50;NIPRO;;1687020720;214;Uncategorized
AGUJA 21G CORTA;;;0.50;NIPRO;;1710694560;71;Uncategorized
TAPON DE HEPARINA;;;4;NIPRO;3;1684342920;53;Uncategorized
EQUIPO DE SUERO;;;6;NIPRO;3.20;1679072700;26;Uncategorized
MARIPOSA  23G;;;1.50;NIPRO;1.12;1726592760;42;Uncategorized
LANCETA DESCARTABLE;;;1;;;1655485800;74;Uncategorized
HOJA DE BISTURI N° 11;;BISTURI;1.50;;;1729185120;59;Uncategorized
GUANTES ESTERILES N° 6.5;;;5;PREMIER;;1750180740;23;Uncategorized
GUANTES ESTERILES N° 8;;;7;PREMIER;;1663435260;6;Uncategorized
HILO PARA SUTURA 3-0;;;32;;;1694971500;1;Uncategorized
VITAMINA D3 2000IU TERBOL;;SUPLEMENTO VITAMINICO;2;TERBONOVA;1.50;1721237520;67;CAPSULA
TAPSIN DIA;PARACETAMOL-NOSCAPINA CLORHIDRATO-CAFEINA ANHIDRA-ACIDO ASCORBICO;ANTIGRIPAL;6;MAVER;4.52;1655510640;31;POLVO
TAPSIN NOCHE;PARACETAMOL-NOSCAPINA CLORHIDRATO-CAFEINA ANHIDRA-ACIDO ASCORBICO-CRORFENAMINA MALEATO.;ANTIGRIPAL;6;MAVER;4.52;1692317520;51;POLVO
DIA D;LEVONORGESTREL 1.5 MG;ANTICONCEPTIVO DE EMERGENCIA, DIA D;20;HUAZHONG;8;1689641700;21;COMPRIMIDO
CHUPETE DE MIEL;ACIDO ASCORBICO-VITAMINA C-MIEL-EUCALIPTO;ANTITUSIVO-EXPECTORANTE;1.5;ABEJITA;0.85;1689642000;66;CARAMELO
MICROSPORE 1.25 X 10YD;CINTA ADHESIVA COLOR PIEL  1.25CM X 10YDS;CINTA ADHESIVA MICRODERMIC CUREBAND;8;SUGAMA;5.75;1702861560;44;CINTA ADHESIVA
MICROSPORE 1 X 10YD;CINTA ADHESIVA COLOR PIEL 2,5CM X 10YDS;CINTA ADHESIVA MICRODERMIC, CUREBAND;14;SUGAMA;11.50;1702862040;8;CINTA ADHESIVA
RECTO LAX LACTANTE;GLICERINA -ESTEARATO SODICO;LAXANTE;3.5;ALFA;2.62;1739841540;11;SUPOSITORIO
DEXAMETASONA 8MG/2ML;DEXAMETASONA 8MG;INYECTABLE;3;UNIVERSAL PHARMA;1.3;1723991580;57;INYECTABLE
COMPLEJO B 2ML INYECTABLE;COMPLEJO B IM, IV;COMPLEJO B INYECTABLE;3.50;MEDICAL PHARMA;0.90;1708267380;104;INYECTABLE
COMPLEJO B 1ML IM,IV INYECTABLE;COMPLEJO B;COMPLEJO B;2.50;INTI;;1700318940;9;INYECTABLE
BUTILBROMURO DE HIOSCINA 20MG/1ML;BUTILBROMURO DE HIOSCINA 20MG IM, IV, SC;ANTIESPASMODICO;6;UNIVERSAL PHARMA;4.75;1679151180;6;INYECTABLE
METAMIZOL 1G/2ML IM,IV;;METAMIZO INYECTABLE;3;UNIVERSAL PHARMA;2;1721314680;66;INYECTABLE
RANITIDINA 50MG/2ML IM,IV;;RANITIDINA INYECTABLE;3;UNIVERSAL PHARMA;;1689692580;61;INYECTABLE
AGUA CON LIDOCAINA 1% 5ML;;AGUA ANESTESICA;2;UNIVERSAL PHARMA;0.88;1701443160;231;INYECTABLE
AGUA ESTERIL PARA INYECTABLE 5ML;;AGUA DESTILADA INYECTABLE;1.50;UNIVERSAL PHARMA;;1671376440;55;INYECTABLE
OMEPRAZOL 40MG INYECTABLE;;ANTIULCEROSO, INHIBIDOR DE LA BOMBA DE PROTONES;16;MEDICAL PHARMA;10.5;1708269660;3;INYECTABLE
CLINOMIN 1ML IM INYECTABLE;DIHIDROXIPROGESTERONA ACETOFENIDO 150MG, ESTRADIOL 10MG;ANTICONSEPTIVO MENSUAL INYECTABLE;25;;;1663514580;8;INYECTABLE
OXITOCINA 10UI/1ML INYECTABLE;;OXITOCINA INYECTABLE;5;UNIVERSAL PHARMA;;1674055560;10;INYECTABLE
FUROSEMIDA 10MG/1ML INYECTABLE;;DIURETICO;5;UNIVERSAL PHARMA;3.15;1676734020;20;INYECTABLE
VITAMINA K 10MG/1ML INYECTABLE;;VITAMINA K;4;UNIVERSAL PHARMA;2.90;1684423740;11;INYECTABLE
VITAMINA C 1G/5ML INYECTABLE;;VITAMINA C INYECTABLE;4;UNIVERSAL PHARMA;2.2;1718724720;132;INYECTABLE
HIDROCORTISONA 100MG INYECTABLE;;CORTICOSTEROIDE;18;FARM. MEDICAL;;1666107360;6;INYECTABLE
BICARBONATO DE SODIO 8% INYECTABLE;;;9;COFAR;;1687102800;1;INYECTABLE
CEFTRIAXONA 1G INYECTABLE;;ANTIBIOTICO;11;UNIVERSAL PHARMA;5;1689694980;19;INYECTABLE
JERINGA PARA INSULINA TAPA NEGRA;;;1.50;NIPRO;;1655572800;0;Uncategorized
JERINGA PARA INSULINA TAPA NARANJA;;;1.50;NIPRO;0.8;1755537660;59;Uncategorized
CREMA COMBINADA;GENTAMICINA-BETAMETASONA-CLOTRIMAZOL.;ANTIBIOTICO-ANTIINFLAMATORIO-ANTIMICOTICO;34;ALFA;27;1724023500;5;CREMA
RECTO LAX INFANTIL;GLICERINA 1,2 GR;LAXANTE;3.5;ALFA;2.50;1658187120;19;SUPOSITORIO
RECTO LAX ADULTOS;GLICERINA 2,2 GR;LAXANTE;3.5;ALFA;2.50;1666136040;22;SUPOSITORIO
FOSCAL;SUPLEMENTO DE CALCIO+FOSFORO+FLUOR+VITAMINA D2;HIPOCALCEMIA CRONICA, OSTEOPOROSIS, PROFILAXIS Y TRATAMIENTO DE ESTADOS CARENCIALES DE CALCIO, TARSTORNOS DENTARIOS;3;ALFA;2.25;1671407040;57;COMPRIMIDO MASTICABLE
ESPARADRAPO 2.5 X 4.5CM;TELA ADHESIVA IMPERMEABLE BLANCA 2,5CM X 4,5CM;TELA ADHESIVA;18;CREMER;14.5;1687136820;7;Uncategorized
ESPARADRAPO 2.5 X 90 CM;TELA ADHESIVA IMPERMEABLE BLANCO 2,5CM X90CM;TELA ADHESIVA;7;CREMER;4.08;1687137120;27;TELA ADHESIVA
PROCOPS 50MG;SILDENAFIL 50 MG;;5;MEDICAL;2.60;1714613220;21;COMPRIMIDO
COMPRESA DE GASA 10CM X10CM.;COMPRESA DE GASA;LIMPIA Y PROTEGE LA HERIDA SUAVE Y ABSORBENTE;5;CAPULLO;3.75;1724082060;8;GASA
COMPRESA DE GASA 7.5 CM X 7.5CM;40 SOBRES CON 5 COMPRESAS CADA UNA;COMPRESA DE GASA;4;CAPULLO;2.14;1724082540;22;GASA
COMPRESA DE GASA 5CM X 5CM;40 SOBRES CON 5 COMPRESAS CADA UNA.;COMPRESA DE GASA;2;CAPULLO;1.50;1729353480;18;GASA
VENDA DE GASA 20CM X 4,5CM;PURO ALGODON;VENDA DE GASA;18;CAPULLO;13.50;1724083620;4;VENDA DE GASA
VENDA DE GASA 10CM X 4,5CM;PURO ALGODON;VENDA DE GASA;10;CAPULLO;6.89;1726762260;18;VENDA DE GASA
VENDA DE GASA 7,5CM X 4,5CM;PURO ALGODON;VENDA DE GASA;8;CAPULLO;6;1726762440;24;VENDA DE GASA
VENDA DE GASA 5 CM X 4,5CM;PURO ALGODON;VENDA DE GASA;6;CAPULLO;3.73;1716135360;2;VENDA DE GASA
ALGODON 400GR;ALGODON HIDROFILO;ALGODON HIDROFILO;39;CAPULLO;;1703002980;3;ROLLO
ALGODON 200GR;ALGODON HIDROFILO;ALGODON HIDROFILO;28;CAPULLO;;1703003340;0;ROLLO
ALGODON  50GR;FIBRA NATURALO-ALGODON PURO 100%;MAS ABSORBENTE;10;CAPULLO;7.57;1732033860;5;BOLSA
ALGODON 10GR;ALGODON 100%;ALGODON HIDROFILO;3;CAPULLO;1.28;1732034160;15;BOLSA
COLAGENO HIDROLIZADO + C + CA;GELATINA DE BOVINO,ACIDO CITRICO,CARBONATO DE CALCIO,ACIDO ASCORBICO,AZORRUBINA;COLAGENO HIDROLIZADO;175;TELCHI;120;1660928160;3;GRANULOS
ALMAXIMO;SILDENAFIL 100MG;DISFUNCION ERECTIL;7;SAVANT;3.40;1671473280;8;COMPRIMIDO
VASELINA POMADA;PETROLATUM-PARAFINA;EMOLIENTE SUAVISA Y PROTEGE LA PIEL;5;IFARBO;3.05;1797703980;9;POMADA
ALIKAL SABOR LIMON;BICARBONATO DE SODIO-ACIDO CITRICO;ANALGESICO-ANTIACIDO;3;;1.50;1656612960;19;GRANULADO EFERVESCENTE
MIGRAL COMPUESTO;ERGOTAMINA-DIPIRONA-CAFEINA-METOCLOPRAMIDA;ANTIMIGRAÑOSO;3;MONTEPELLIER;1.11;1676830860;78;COMPRIMIDO
ELITE;PAÑUELOS MENTOLADOS;KLINEX;3;ELITE;;1718981880;10;Uncategorized
ACEITE JOHNSONS;;;20;JHONSONS;15;1703170920;4;ACEITE
COTONETES CORONA X 100 UNIDADES;;COTONETES;3;;;1669042980;10;Uncategorized
COTONETES JOHNSON X 75 UNIDADES;;;13;JHONSONS;;1687359960;0;Uncategorized
COTONETES JOHNSON X 150 UNIDADES;;;23;JHONSONS;;1687360260;14;Uncategorized
NOSOTRAS DIARIOS NORMAL;;INTIMA DIARIO NORMAL;7;NOSOTRAS;;1700579760;6;Uncategorized
NOSOTRAS DIARIOS MULTIESTILO;;INTIMA DIARIO MULTIESTILO;7;NOSOTRAS;4;1700580060;9;Uncategorized
NOSOTRAS BUENAS NOCHES;;INTIMA NOCTURNA;16;;13.33;1697901960;3;Uncategorized
NOSOTRAS INVISIBLE CLASICA;;INTIMA INVISIBLE CLASICA;9;NOSOTRAS;6.16;1689953820;4;Uncategorized
NOSOTRAS INVISIBLE RAPIGEL;;INTIMA NOSOTRAS RAPIGEL;10;NOSOTRAS;7.50;1695311340;6;Uncategorized
KOTEX NORMAL;;INTIMA KOTEX NORMAL;8;KOTEX;6;1680191400;3;Uncategorized
PAÑAL HUGGUIES TALLA G;9-12.5KG;PAÑAL G3;2;HUGGIES;1.50;1718987100;35;Uncategorized
PAÑAL ADULTO PLENITUD TALLA G;;;7;HUGGIES;4;1687366980;0;Uncategorized
PAÑAL ADULTO PLENITUD TALLA M;;;6;HUGGIES;3.75;1687367520;18;Uncategorized
COTONETES JOHNSON X 100 UNIDADES;;COTONETES;15;JOHNSON;11.25;1719002520;7;Uncategorized
RHEUMAZIN FORTE;;ANTIRREUMATICO;2;;0.95;1677013020;42;COMPRIMIDO
DOLOREUMIN;;ANTIRREUMATICO;3;;1.91;1689974760;5;COMPRIMIDO
ALGIDOL REUMA FORTE;;ANALGESICO ANTIINFLAMATORIO ANTIRREUMATICO RELAJANTE MUSCULAR;3;;2.25;1661117220;98;COMPRIMIDO
SENTIS 37.5;;OBESIDAD;10;LABORATORIO CHILE;7;1716588300;21;CAPSULA
DISE 50MG;SIDENAFIL 50MG;DISFUNCION ERECTIL, VIAGRA;5;SAN FERNANDO SRL;;1674338820;0;COMPRIMIDO
TADALAM 20;TADALAFILO 20MG;DISFUNCION ERECTIL, VIAGRA;25;SAN FERNANDO SRL;18;1677017460;12;LAMINA ORAL
OFF AEROSOL;;REPELENTE;23;JOHNSON;17.25;1674339900;1;AEROSOL
OFF 60GR;;REPELENTE;10;JOHNSON;5;1675204020;28;CREMA
ECOLOGICA NATU DIET 40GR;ESTEVIA;EDULCORANTE NATURAL;23;ABEJITA;17.25;1703198160;4;ROLLO
ECOLOGICA NATU DIET 80GR;STEVIA;EDULCORANTE NATURAL;45;ABEJITA;33.75;1703198280;3;POLVO
NIVEA SOFT 100G;;;24;NIVEA;19;1714516860;5;CREMA
NIVEA CREME 30GR;;;8;NIVEA;6;1696113720;1;CREMA
HILO DENTAL CON ALOE FORAMEN;;HILO DENTAL;41;SAE S.A;32.32;1842561780;1;Uncategorized
JOHNSON Y JOHNSON HILO DENTAL;;HILO DENTAL;20;;16;1689979500;0;Uncategorized
CEPILLO FORAMEN SUAVE - MEDIO F-29;F-29;CEPILLO;16;SAE S.A;12;1750545960;2;Uncategorized
CURITAS REDONDAS 3 X 1BS;;;1;NOSOTRAS;;1750546440;19;Uncategorized
CURITAS LARGAS;;CURITA;0.50;NOSOTRAS;0.14;1706741880;196;Uncategorized
TETINA DE SILICONA BOCA DELGADA;;PESON DELGADO;5;PRODUCTOS PARA BEBE;2.50;1813618740;48;Uncategorized
TETINA ANCHA DE SILICONA;;PESON ANCHO;10;PRODUCTOS PARA BEBE;5;1813619040;43;Uncategorized
AXION 20MG;;DISFUNCION ERECTIL, VIAGRA;16;BAGO;12.50;1669072020;10;COMPRIMIDO
TRI-VAG OVULOS;CLINDAMICINA+CLOTRIMAZOL+TINIDAZOL;ANTIBACTERIANO--ANTIMICOTICO-ANTIPROTOZOARIO;12;SAN FERNANDO SRL;;1669157280;0;OVULO VAGINAL
WARFARINA SODICA;WARFARINA SODICA 5MG;ANTICOAGULANTE-ANTITROMBOSICO;1;SAN FERNANDO SRL;0.84;1684795920;270;COMPRIMIDO
LOPERAMIDE HCL;LOPERAMIDA CLORHIDRATO 2MG;ANTIDIARREICO;2;SAN FERNANDO SRL;0.77;1724370120;155;CAPSULA
IBUFLAMAR-P SUSPENSION;IBUPROFENO 100MG -PARACETAMOL 100MG;ANALGESICO-ANTIPIRETICO-ANTIINFLAMATORIO;32;SAN FERNANDO SRL;24;1679528880;1;SUSPENSION
NEWTONE;VITAMINAS Y ,MINERALES;VITAMINAS Y MINERALES;2.5;SAN FERNANDO SRL;1.87;1677110100;26;CAPSULA
DICLONIC 250MG;CLONIXINATO DE LISINA 250 MG;ANALGESICO;3;SAN FERNANDO SRL;2.21;1736726880;100;COMPRIMIDO
ULCUS;SUCRALFATO USP 1GR;ANTIULCEROSO;59;RIVPRA;46.60;1666484040;2;SUSPENSION
DEXAMETASONA 0.5MG;DEXAMETASONA 0.5MG;ANTIINFLAMATORIO-CORTICOIDE;0.75;PORTUGAL;0.35;1690072140;61;COMPRIMIDO
PARACETAMOL;PARACETAMOL 1GR;ANALGESICO ANTIPIRETICO;1.5;DELTA;1.12;1655944920;38;COMPRIMIDO
TRIOVAL GOTAS;PARFACETAMOL-PSEUDOEFEDRINA CLORHIDRATO-CLORFENIRAMINA MALEATO;ANTIGRIPAL-ANALGESICO-DESCONGESTIONANTE;44;SAVAL;35;1703292900;2;GOTAS
TRIOVAL SUSPENSION;PARACETAMOL-PSEUDOEFEDRINA CLORHIDRATO-CRORFENIRAMINA MALEATO;ANTIGRIPAL-ANALGESICO-DESCONGESTIONANTE;40;SAVAL;31;1727053200;2;SUSPENSION
OMEGA 3,6,9;;SUPLEMENTO ALIMENTICIO;2.50;TERBONOVA;1.87;1724425260;38;CAPSULA
REMITEX JARABE;CETIRIZINA DICLORHIDRATO 5MG/5ML;ANTIHISTAMINICO-ANTIALERGICO;60;BAGO;47.70;1663978920;2;JARABE
REMITEX GOTAS;CETIRIZINA DICLORHIDRATO 10MG/ML;ANTIHISTAMINICO-ANTIALERGICO;60;BAGO;45;1690158360;1;GOTAS
TUSIVAL PASTILLAS;PASTILLA CON MIEL, PROPOLEO Y VITAMINA C;PASTILLA DE MIEL, PASTILLA PARA LA TOS;4;VALENCIA;3;1698771600;139;PASTILLA
VALAXAN-D 160/10/12,5;VALSARTAN 160MG-AMLODIPINO 10MG-HIDROCLOROTIAZIDA 12,5MG;ANTIHIPERTENSIVO DIURETICO;9;SAVAL;6.75;1661383140;9;COMPRIMIDO
TRIOVAL COMPRIMIDO;PARACETAMOL-PSEUDOEFEDRINA CLORHIDRATO-CLORFENAMINA MALEATO;ANTIGRIPAL-ANALGESICO-DESCONGESTIONANTE;2.5;SAVAL;1.70;1714001040;155;COMPRIMIDO
MASCULAN DOTEDD #2;SENSITIVO CON PUNTOS;CONDON, PRESERVATIVO;13;IFA;9.100;1695654360;4;Uncategorized
MASCULAN PUR;EXTRA FINO;CONDON;16;IFA;11.81;1721922660;7;Uncategorized
TAPSIN INFANTIL;PARACETAMOL 160MG;ANALGESICO, ANTIPIRETICO;2;MAVER;1.26;1679761680;25;COMPRIMIDO MASTICABLE
ERYTACNE GEL;ERITROMICINA, TRETINOINA, PROPILENGLICOL;ANTIACNE, GEL ANTIACNE;36;SAN FERNANDO SRL;27;1700930160;0;GEL
PIC-20;PIROXICAM 20MG;ANTIINFLAMATORIO;1;SAN FERNANDO SRL;0.75;1653496860;86;CAPSULA
KENABON GEL 30GR;KETOPROFENO 30GR;ANALGESICO ANTIINFLAMATORIO;34;SAN FERNANDO SRL;25.50;1677344100;2;GEL
KENABON PARCHE;KETOPROFENO;ANALGESICO ANTIINFLAMATORIO;5;SAN FERNANDO SRL;3.14;1706201940;15;PARCHE
VITAMINA C 1000MG SOBRE;;VITAMINA C;4.50;VALENCIA;3.37;1653498420;4;POLVO
HUGGUIES TOALLITA HUMEDA X 96;;TOALLITA HUMEDA;20;;;1669397220;0;Uncategorized
NIKKY TOALLITAS HUMEDAS X 100;;TOALLITA HUMEDA;15;;10.80;1678469280;3;Uncategorized
PLENITUD POSTPARTO;;INTIMA GRANDE, TOALLA POSTPARTO;15;HUGGIES;;1692984960;1;Uncategorized
ESPASMO VERAMIDON;CLONIXINATO DE LISINA 200MG-PROPINOX CLORHIDRATO 15MG;ANTIESPASMODICO;18;INTI;13.75;1698265320;3;INYECTABLE
MAGALDRAX SUSPENSION;MAGALDRATO 800MG, SIMETICONA 60MG;ANTIFLATULENTO, ANTIOACIDO;56;RECALCINE;;1677598980;2;SUSPENSION
IVECTINA 6MG;IVERMECTINA 6MG;;11;IFARBO;;1674922500;2;COMPRIMIDO
VALAXAM 160/10;VALSARTAN 160MG/ AMLODIPINO 10MG;ANTIHIPERTENSIVO;8;SAVAL;6.40;1706458740;16;COMPRIMIDO
DOLPIRET FORTE COMPRIMIDO;IBUPROFENO 400MG,  PARACETAMOL 500MG;ANALGESICO ANTIINFLAMATORIO ANTIFEBRIL;4;TERBOL;2.64;1696171080;30;COMPRIMIDO
DOLPIRET FORTE PEDIATRICO SUSPENSION;IBUPROFENO 200MG, PARACETAMOL 250MG;ANALGESICO ANTIINFLAMATORIO ANTIFEBRIL;47;TERBOL;;1678891320;3;SUSPENSION
BONAGEL PLUS CHERRI COMPRIMIDO MASTICABLE;HIDROXIDO DE MAGNESIO 250MG, SIMETICONA 30MG, HIDROXIDO DE ALUMINIO 250MG;;4;COFAR;3;1738169460;45;COMPRIMIDO MASTICABLE
ESPASMO LOXADIM IM/IV AMPOLLA;DIPIRONA 2G, PROPINOXATO 30MG;ANALGESICO, ANTIESPASMODICO;22;BRESKOT PHARMA;;1666716960;9;INYECTABLE
FLAVICOLD PLUS NIÑOS;PARACETAMOL 325MG, PSEUDOEFEDRINA 30MG, DEXTROMETORFANO 15MG, XLORFENIRAMINA 2MG;;;;;;;
PLENACOR 25MG;ATENOLOL 25MG;ANTIHIPERTENSIVO ANTIANGINOSO ANTIARRITMICO;2;BAGO;;1709307000;26;COMPRIMIDO
ROWATINEX;;CALCULOS RENALES, UROLITIASIS;2.50;;1.30;1764603180;163;CAPSULA
HUGGUIES RN POR PAQUETE;;PAÑAL RN PAQUETE;30;;20;1688226000;0;Uncategorized
BARBIJO DESECHABLE POR PAQUETE;;BARBIJO;30;;12;1719848580;2;Uncategorized
NIFEDIPINO 10MG;;ANTIHIPERTENSIVO;0.50;DISMEDIN;0.37;1659459540;69;COMPRIMIDO
NITROFURANTOINA 100MG;;ANTIBIOTICO;1;DISMEDIN;0.75;1704042060;99;COMPRIMIDO
LACTONE 100;ESPIRONOLACTONA 100MG;DIURETICO;2;UNICURE;0.68;1675357380;100;COMPRIMIDO
NYLON 3-0;;HILO PARA SUTURA, MONONAYLON;13;;;1753981500;0;Uncategorized
MENTISAN POTE LIMON;;UNGUENTO;17;INTI;13;1746228720;1;UNGUENTO
LABELLO NIVEA CHERRY;CEREZA CON ACEITE NATURAL;HUMECTADOR DE LABIOS;22;NIVEA;17;1693697700;1;LABIAL
LABELLO NIVEA ORIGINAL CARE;MANTECA DE KARITE -ACEITE DE ORIGEN NATURAL;HUMECTADOR DE LABIOS;22;NIVEA;17;1672702800;3;LABIAL
MUXELIX;HEDERA HELIX L.;MUCOLITICO-BRONCOESPASMOLITICO;65;SAVAL;48.75;1667434080;1;JARABE
VITAMINA E 1000UI SANAT;;VITAMINA E;2;;;1688575620;18;CAPSULAS BLANDAS VAGINALES
PARACETAMOL 120MG/5ML PORTUGAL;;ANALGESICO ANTIPIRETICO;15;PORTUGAL;11.25;1675691940;6;JARABE
SANATUSIN FORTE NOCHE;'-PARACETAMOL;;;;;;;
SANATUSIN FORTE DIA;PARACETAMOL;;;;;;;
ELIDOL DUO FRAMBUESA;'-CLORURO DE DECUALINIO;;;;;;;
ESPARADRAPO TRANSPARENTE;;;15;CREMER;11.25;1657154820;0;TELA ADHESIVA
VITAMINA C 1000MG TABLETA;;;1;IFARBO;;1675785480;67;COMPRIMIDO
MAMADERA TRUE 3OZ  0+MESES;;MAMADERA TRUE RN;35;PRODUCTOS PARA BEBE, TRUE;26.25;1720370160;2;Uncategorized
BELLADONA;EXTRACTO DE BELLADONA 1,4%;RUBEFACIENTE-ANALGESICO TOPICO;6;IFARBO;;1673134440;5;POMADA
ULTRACILINA CREMA VAGINAL;BIFONAZOL 1GR;;;;;;;
ULTRACILINA DERMICA;DEXAMETASONA/BIFONAZOL;;;;;;;
ASEPXIA CARBON DETOX;;JABON ANTIACNE;35;ASEPXIA;;1693490160;0;Uncategorized
ASEPXIA EXFOLIANTE;EXFOLIANTE;JABON ANTIACNE;35;ASEPXIA;;1690811880;2;Uncategorized
CHIOCO 300ML ROSADO 0+MESES;;MAMADERA;50;PRODUCTOS PARA BEBE;37.50;1752422460;1;MAMADERA
GHIRAFF 360ML +6MESES ROSADO;;MAMADERA;40;PRODUCTOS PARA BEBE;30;1783958760;0;MAMADERA
TRUE 2 OZ  0+MESES;;MAMADERA;30;PRODUCTOS PARA BEBE;22.50;1752423060;0;MAMADERA
MINITREE 10+MESES;;FRUTERO PARA NIÑOS;20;PRODUCTOS PARA BEBE;15;1752423120;3;Uncategorized
MINITREE 210ML 3+MESES;;MAMADERA;35;PRODUCTOS PARA BEBE;26.25;1752423240;0;MAMADERA
ONLY BABY MICKEY 260ML 6+MESES;;MAMADERA;45;PRODUCTOS PARA BEBE;33.75;1752423360;1;MAMADERA
MINITREE 360ML 12+MESES;;MAMADERA;40;PRODUCTOS PARA BEBE;30;1752423600;4;MAMADERA
BOOGY 0+MESES;;CUCHARA DE SILICONA;25;PRODUCTOS PARA BEBE;18.75;1752424620;1;Uncategorized
CIHOCO 3+MESES MORDEDOR;;MORDEDOR, MORDEDOR DE SILICONA;20;PRODUCTOS PARA BEBE;15;1752424680;2;Uncategorized
LIPS PACIFICADOR 3+MESES;;CHUPON, CHUPON EN FORMA DE LABIO, CHUPONES, CHUPONES EN FORMA DE BIGOTE;25;PRODUCTOS PARA BEBE;18.75;1752424920;0;Uncategorized
BEBESITOS PACIFICADOR 0+MESES;;CHUPON, CHUPONES, CHUPONES EN FORMA DE BIGOTE;25;PRODUCTOS PARA BEBE;18.75;1752425220;1;Uncategorized
DICLOHAN 1% 30G HAHNEMAN;;DICLOFENACO GEL;23;HAHNEMANN;126.000;1668444240;4;UNGUENTO
BOLSA DE ORINA CON BALVULA 2.000 ML;BOLSA ESTERIL;BOLSA COLECTORA, DIALISIS;9;NIPRO;6.75;1728941640;3;BOLSA
PYRALVEX;EXTRACTO DE RUIBARBO;ANTIINFLAMATORIO DE LAS MUCOSAS DE LA GARGANTA;49;INTI;;1728943800;2;SOLUCION
PENTRAX;AMOXICILINA 500MG;ANTIBIOTICO;1.5;INTI;;1673734380;9;COMPRIMIDO
EUTIROX 50msg;LEVOTIROXINA SODICA 50MCG;HIPOTIROIDISMO, TIROIDES;1;INTI;0.67;1678896300;64;COMPRIMIDO
GLICENEX DUO 500/5;METFORMINA 500, GLIBENCLAMIDA 5MG;HIPOGLICEMIANTE;2.50;BAGO;2;1698683040;16;COMPRIMIDO
REMITEX D 60ML JARABE;CETIRIZINA 5MG, PSEUDOEFEDRINA 30MG/5ML;DESCONGESTIONANTE ANTIHISTAMINICO;102;BAGO;76.50;1682872500;2;JARABE
IBUPROFENO 200MG/5ML;IBUPROFENO 200MG;ANALGESICO-ANTIPIRETICO-ANTIINFLAMATORIO, ANTIPIRETICO;20;COFAR;15.02;1771196640;6;SUSPENSION
PASTA DE AGUA 50G;OXIDO DE ZINC 25G;ANTIESCALDANTE, ASTRINGENTE Y SECANTE, PITAI;10;TELCHI;4;1706196180;11;CREMA
CLORURO DE MAGNESIO 33G;;FORTALECIMIENTO DE HUESOS, MEJORA SISTEMA INMUNOLOGICO, REGULA DIGESTION;7;TELCHI;3.50;1704986940;2;Uncategorized
POMADA PENICILINA 16G;;ANTIBIOTICO EN CREMA;6;TELCHI;2.50;1655654880;21;CREMA
ALCANFOR TABLETAS;;;3.50;TELCHI;2.62;1656605400;12;Uncategorized
OSITO MIELERO INFANTIL;PASATILLAS DE PROPOLEO X 15 UNIDADES;PASTILLA DE PROPOLEO;5;ABEJITA;3.50;1672504200;17;PASTILLA
OSITO MIELERO ADULTO;;EUCALIPTO Y WIRA WIRA, PASTILLA DE MIEL DE PROPOLEO;5;ABEJITA;3.50;1672505040;1;PASTILLA
BRONCOFAR NF  JARABE120ML;GLICERIL GUAYACOL ETER, CLORFENIRAMINA MALEATO, SALBUTAMOL SULFATO;Antihistamínico, BRONCODILATADOR, EXPECTORANTE;41;INDUFAR;;1659286380;0;JARABE
ENO SIN SABOR;BICARBONATO DE SODIO 2.30G, CARBONATO DE SODIO 0.50G, ACIDO CITRICO 2.20G;DIGESTIVO, SAL DE FRUTA;3;BAYER;2.25;1672506540;13;POLVO
CODEINA 10MG JARABE 100ML;CODEINA FOSFATO;ANTITUSIVO;46;IFA;36.10;1703082600;4;JARABE
METOCLOPRAMIDA 5MG GOTAS;METOCLOPRAMIDA;ANTIEMETICO;24;IFA;18.94;1723732380;5;GOTAS
CEFABIOTIC 100MG SUSPENSION;CEFIXIMA 100MG;ANTIBIOTICO;156;IFA;128;1676903820;1;SUSPENSION
TRIBENZOL 100MG SUSPENSION;NITAZOXANIDA 100MG;ANTIPARASITARIO;64;IFA;51.41;1668955440;2;SUSPENSION
ALPRAZOLAM 0.5MG;;SEDANTE, TRANQUILIZANTE SEDANTE;2;;1;1700494260;3;COMPRIMIDO
DOXICICLINA 100MG;;ANTIBIOTICO;2.50;IFA;;1680271260;84;COMPRIMIDO
CLOFENAC B12 FORTE INY.;VITAMINA B12 25.000, DICLOFENACO SODICO 75MG;ANALGESICO ANTIINFLAMATORIO ANTIRREUMATICO, ANTINEURITICO;67;BAGO;;1682957160;1;INYECTABLE
PROPOLEO GOTAS 30ML;;ANTISEPTICO;20;ABEJITA;;1703954640;2;GOTAS
CARAMELO DE MIEL MI ABEJITA, PROPOLEO Y EUCALIPTO;MIEL, PROPOLEO, EUCALIPTO, ECHINACEA;CHUPETE DE MIEL, MI ABEJITA;1.50;MI ABEJITA;0.70;1719247620;45;CARAMELO
AGUJA CELESTE 23G X DELGADA;;JERINGA;0.50;NIPRO;;1766416980;77;Uncategorized
AMOXILANICO DUO LAFAR;AMOXICILINA 875MG + ACIDO CLAVULANICO 125MG;ANTIBACTERIANO;13;LAFAR;;1708615860;11;COMPRIMIDO
CEPILLO FORAMEN 2X1 MEDIO F-30;F-30 TYNEX MEDIO 2X1;CEPILLO;25;SAE S.A;18.60;1734883620;4;Uncategorized
CEPILLO FORAMEN SUAVE;F-30 TYNEX SUAVE;CEPILLO;;SAE S.A;;1766419980;;Uncategorized
ENZIGAS SAE;DIASTASA 50MG, PEPSINA 10MG;;2.50;SAE S.A;1.50;1661876400;33;CAPSULA
AZITROMICINA 500MG SAE;;ANTIBIOTICO;7;SAE S.A;5.17;1687450980;26;COMPRIMIDO
UNIQUIN F COFAR;NORFLOXACINO 400MG, FENAZOPIRIDINA 100MG;ANTIBIOTICO ANALGESICO;8.50;BRESKOT PHARMA;;1716395700;70;COMPRIMIDO
VICRYL 3-0;ACIDO POLIGLICOLICO 3-0;HILO, HILO PARA SUTURA;32;;;1695479400;1;Uncategorized
CLOFEXAN COMPRIMIDO;DICLOFENACO 50MG, PARACETAMOL 750MG;ANALGESICO ANTIINFLAMATORIO;3.50;BAGO;2.60;1682872200;26;COMPRIMIDO
FIBRASOL;EPIDERMIS DE SEMILLA DE PSYLLIUM,ASPARTAMO,ACIDO CITRICO,BENZOATO DE SODIO,LAURIL SULFATO DE SODIO;LAXANTE;6;MAVER;4.58;1700788620;10;GRANULADO EFERVESCENTE
TUSBOL JARABE;DEXTROMETORFANO 10MG/5ML;ANTITUSIVO;37;TERBOL;28.50;1737909180;2;JARABE
LEFLOX IV;LEVOFLOXACINA  500MG/100ML;ANTIBIOTICO QUINOLONICO;57;FARMEDICAL;;1685143080;1;INYECTABLE
Lomoh-60;ENOXAPARINA SODICA 40MG/0,4ML;ANTITROMBOTICO;75;FARMEDICAL;60;1682551200;4;INYECTABLE
NORMALEX 10;ROSUVASTATINA 10MG;HIPOLIPEMIANTE;7;FARMEDICAL;;1666826700;30;COMPRIMIDO
ALIVIOL ANTIGRIPAL;PARACETAMOL-DEXTROMETORFANO BROMHIDRATO-CLORFENIRAMINA MALEATO-FENILEFRINA CLORHIDRATO;ANTIGRIPAL-ANALGESICO-DESCONGESTIONANTE;2;FARMEDICAL;1;1711500000;0;CAPSULA
LORDONIL;CLINDAMICINA BASE 100MG;;;;;;;
OMEPRAZOL 40MG CAPSULA;OMEPRAZOL 40MG;ANTIULCEROSO;2;LA SANTE;0.99;1685312700;11;CAPSULA
BAGOCILETAS SOBRE;BENZOCAINA 6MG;ANESTESICO-ANTISEPTICO-ANALGESICO;8;BAGO;6;1674948420;11;PASTILLA
CEBION 100MG/ML GOTAS;VITAMINA C;;26;INTI;18.29;1709225340;3;GOTAS
NEUROTRAT FORTE 10.000 INYECTABLE;VITAMINAS NEUROTROPAS B1B6B12 EN DOSIS ELEVADA;;22;INTI;;1709225880;5;INYECTABLE
IDON GOTAS;DOMPERIDONA 10MG/ML;ANTIHEMETICO;60;SAVAL;;1714411320;1;GOTAS
CEPILLO FORAMEN SUAVE F-30;;;22;SAE S.A;16.89;1722443880;3;Uncategorized
TALCO JOHNSONS 200G;;TALCO PARA BEBE;20;JOHNSON;15;1659304080;2;POLVO
HUGGIES TOALLITAS HUMEDAS X 80 UNIDADES;;TOALLITA HUMEDA;12;;7.50;1686865860;3;Uncategorized
ALKASELTZER;BICARBONATO DE SODIO;;;;;;;
BEBELAC 1;FORMULA INFANTIL 0-6 MESES;FORMULA INFANTIL;56;INTI;42;1680568200;2;POLVO
GERMIDERM;BETAMETASONA 17 VALERATO-GENTAMICINA-MICONAZOL;ANTIMICOTICO-ANTIBIOTICO AMINOGLUCOSIDO BACTERICIDA;45;ROEMMERS;35.67;1656971880;2;CREMA
VIADIL GOTAS 0,5%;PROPINOX CLORHIDRATO 5MG/ML;ANTIESPASMODICO;55;ROEMMERS;43.50;1690583700;2;GOTAS
SERTAL GOTAS;PROPINOX CLORHIDRATO 1%;ANTIESPASMODICO;55;ROEMMERS;43.50;1675636800;2;GOTAS
OTALEX GOTAS;PROCAINA ANTIPINA;ANTIINFLAMATORIO AGUDOS Y CRONICOS DEL OIDO;54;ROEMMERS;42.63;1654469280;2;GOTAS OTICAS
ERGOMETRINA 0.2mg COMPRIMIDO;ERGOMETRINA MALEATO 0,2MG;ANTIHEMORRAGICO;3.50;DISMEDIN;2.62;1672441980;40;COMPRIMIDO
ZIN DOL;KETOROLACO 20 MG;ANALGESICO;3.50;LAFAR;;1679933760;54;COMPRIMIDO
ASTYFER 200ML;HIERRO, VITAMINAS, AMINOACIDOS;SUPLEMENTO VITAMINICO;63;ALFA;47.25;1656186840;0;JARABE
HEMORROIDYL SUPOSITORIO;;ANTIHEMORROIDAL;7;ALFA;5.57;1696881480;20;SUPOSITORIO
HEMORROIDYL POMADA;;ANTIHEMORROIDAL;47;ALFA;36.50;1712692800;2;POMADA
NEUROCEREBRIN 120ML;;VITAMINAS, VITAMINAS -MINERALES-AMINOACIDOS;40;IFARBO;;1690760580;1;JARABE
BIONEMICO 200ML;;;85;IFARBO;;1690760880;1;JARABE
MERCURIO 10ML;;;6;IFARBO;;1661887200;18;Uncategorized
CLOFENAC RELAX INY.;DICLOFENACO SODICO 75MG/3ML-PRIDINOL 2,2 MG/3ML;MIORELAJANTE-ANALGESICO-ANTIINFLAMATORIO;46;BAGO;36.60;1654965120;6;INYECTABLE
HILO DENTAL COLGATE;HILO DENTAL ENCERADO;HILO DENTAL;10;;6.25;1720975920;4;Uncategorized
ALIKAL SIN SABOR;ACIDO ACETILSALICILICO;;;;;;;
TERMOMETRO DE MERCURIO AXILAR;;TERMOMETRO;20;;;1786742460;1;Uncategorized
TE AMO;;CONDON, PRESERVATIVO;4;;;1761841860;13;CONDON
METERGIN 0.2MG/ML AMPOLLA;EGOMETRINA 0.2MG/ML;ANTIHEMORRAGICO;11;;;1675111320;9;Uncategorized
VENDA ELASTICA 10CM;;;12;;9;1721249160;0;Uncategorized
BAJA LENGUA DE MADERA;;;0.50;;;1756587420;86;Uncategorized
FLOGENE 75MG AMPOLLA;DICLOFENACO POTASICO 75MG;;12;TECNOFARMA;;1690752720;4;INYECTABLE
LERTUS FORTE 50MG/50MG;DICLOFENACO SODICO , CODEINA FOSFATO;;6.50;TECNOFARMA;4.75;1701380100;9;COMPRIMIDO
FLAVICOLD PLUS DIA;;ANTIGRIPAL;6;COFAR;4.5;1698783660;43;POLVO
NOVADOL GEL 2% 60GR;DICLOFENACO 2%, SALICILATO DE METILO 10.5%, MENTOL 5.5%;ANALGESICO, ANTIINFLAMATORIO ANTIRREUMATICO;62;COFAR;;1680294180;4;GEL
POTASIO CL 1.3mqEML 150ML;POTASIO CL;ANTIHIPOKALEMICO;49;COFAR;;1732998360;3;JARABE
ANTIFLUDES CAPSULAS;AMANTADINA, CLORFENAMINA, PARACETAMOL.;ANTIVIRAL ANTIHISTAMINICO ANALGESICO ANTIPIRETICO;3.50;INTI;2.60;1667167080;114;CAPSULA
CEFTRIAXON 1G IV C/AGUA;CEFTRIAXONA 1GR;ANTIBACTERIANO/ INTRAVENOSA;23;TERBOL;18;1696111920;4;INYECTABLE
IBUPRONAL 100MG;IBUPROFENO 100MG;ANALGESICO ANTIINFLAMATORIO ANTIFEBRIL;40;TERBOL;32;1733005080;3;SUSPENSION
IBUPRONAL FORTE 200MG;IBUPROFENO 200MG;ANALGESICO ANTIINFLAMATORIO ANTIFEBRIL;55;TERBOL;44.50;1664576760;3;SUSPENSION
MOXILIN 500MG/5ML;AMOXICILINA 500MG;ANTIBACTERIANO;44;TERBOL;;1661898480;3;SUSPENSION
TERBOCAINA 2% 20ML;CLORHIDRATO DE LIDOCAINA 20MG/ML;ANESTESICO LOCAL;22;TERBOL;17.40;1709332440;4;Uncategorized
RINOVAL 50Mcg Spray Nasal;MOMETASONA FUROATO 120 DOSIS;SUSPENSION NASAL PARA NEBULIZACION;289;SAVAL;;1667143560;1;SPRAY
COLNATUR COMPLEX VAINILLA;;COLAGENO EN POLVO SABOR VAINILLA;270;BAGO;202.50;1714005360;1;POLVO
ORALGENE 120ML;CLORHEXIDINA GLUCONATO;ENJUAGUE BUCAL;40;SAN FERNANDO SRL;31.40;1719330000;2;SOLUCION
LAXIWAL 100ML;LACTULOSA CONCENTRADA 10G;LAXANTE;64;SAN FERNANDO SRL;48;1690300020;1;SOLUCION
BROXILIN DUO 70ML;AMOXICILINA 500MG, ACIDO CLAVULANICO 125MG;ANTIBIOTICO;160;IFA;;1690317720;1;SUSPENSION
IBUFLAMAR-P COMPRIMIDO;IBUPROFENO 400MG, PARACETAMOL 500MG;ANALGESICO ANTIINFLAMATORIO ANTIFEBRIL;2;SAN FERNANDO SRL;1.28;1708962900;152;COMPRIMIDO
ANAMAX CAPSULA;ACETAMINOFENO 325MG, CAFEINA 30MG, IBUPROFENO 200MG;ANALGESICO ANTIINFLAMATORIO ANTIFEBRIL;2.50;SAE S.A;1.87;1661530140;1;CAPSULA
CARVEDILOL 6.25 COMPRIMIDO;;ANTIHIPERTENSIVO;1;LA SANTE;0.63;1685489880;18;COMPRIMIDO
CARVEDILOL 12.5 MG COMPRIMIDO;;ANTIHIPERTENSIVO;2;LA SANTE;1.18;1693439040;40;COMPRIMIDO
O.b. TAMPONES MEDIO;;TAMPONES;16;JHONSONS;10;1711832760;2;Uncategorized
BETA CAROTENE 25000 X 10 CAPSULAS;;ANTIOXIDANTE;1;ALFA > ALFA VITAMINAS;0.64;1680210900;100;CAPSULA
CALCIO 600 + D3 X 10 TABLETAS;;VITAMINAS Y MINERALES;1.50;ALFA > ALFA VITAMINAS;0.68;1706650260;90;COMPRIMIDO
COLLAGEN C X 60 CAPSULAS;VITAMINA C 10MG + COLAGENO HIDROLIZADO 500MG;SUPLEMENTO ALIMENTICIO;100;ALFA > ALFA VITAMINAS;68;1701380220;1;CAPSULA
COLLAGEN C X 10 CAPSULAS;;SUPLEMENTO ALIMENTICIO;1.50;ALFA > ALFA VITAMINAS;0.86;1717105260;120;CAPSULA
GUMMY BEARS X 100 GOMITAS;;SUPLEMENTO ALIMENTICIO;130;ALFA > ALFA VITAMINAS;88;1727732700;1;CARAMELO
GINKGO BILOBA X 60 CAPSULAS;;INSUFICIENCIA CIRCULATORIA CEREBRAL, SUPLEMENTO ALIMENTICIO;95;ALFA > ALFA VITAMINAS;64;1677362160;1;CAPSULA
MEMORIN X 60 CAPSULAS;;;120;ALFA > ALFA VITAMINAS;80;1703973660;1;CAPSULA
ALFA OMEGA 369 X 100 CAPSULAS;;SUPLEMENTO ALIMENTICIO;120;ALFA > ALFA VITAMINAS;80;1706652180;1;CAPSULA
POTASSIUM  99MG X 10 TABLETAS;;;1.50;ALFA > ALFA VITAMINAS;0.68;1703973960;100;COMPRIMIDO
MAGNESIUM + B6 X 100 TABLETAS;;SUPLEMENTO VITAMINICO;100;ALFA > ALFA VITAMINAS;68;1698703740;1;COMPRIMIDO
FOLIC ACID 800MCG X 10 TABLETAS;ACIDO FOLICO;SUPLEMENTO NUTRICIONAL.VITAMINAS .;1;ALFA > ALFA VITAMINAS;0.44;1719353520;100;COMPRIMIDO
SOY ISOFLAVONES X 10 CAPSULAS;ISOFLAVONAS DE SOYA;SUPLEMENTO ALIMENTICIO;2;ALFA > ALFA VITAMINAS;1.46;1717107360;100;CAPSULA
BREWERS YEAST 1000MG X 10 TABLETAS;LEVADURA DE CERVEZA 1000MG;LEVADURA DE CERVEZA;1;ALFA > ALFA VITAMINAS;0.44;1711837080;100;COMPRIMIDO
GINEDAZOL OVULO;TINIDAZOL 150MG, MICONAZOL 100MG;ANTIMICOTICO;10;LABORATORIO CHILE;7.73;1701377460;10;OVULO VAGINAL
KOTEX SPORT;;INTIMA;10;KOTEX;7.50;1673211900;1;Uncategorized
MAILEN COMPRIMIDO;DESLORATADINA 5MG;Antihistamínico;9;ROEMMERS;7.13;1659216900;7;COMPRIMIDO
DOLPIRET;IBUPROFENO 200MG, PARACETAMOL 325MG;ANALGESICO ANTIINFLAMATORIO ANTIFEBRIL;3;TERBOL;1.8;1688161440;34;COMPRIMIDO
ILIADIN SPRAY;OXIMETAZOLINA CLORHIDRATO 0.05;DESCONGESTIONANTE NASAL;44;INTI;34.65;1727739420;3;SPRAY
NOXOM 200MG COMPRIMIDO;NITAZOXANIDA 200MG;ANTIPARASITARIO;4;INTI;2.89;1677800880;13;COMPRIMIDO
AGUA PARA INYECCION 10ML INTI;;AGUA PARA INYECCION;2;INTI;1.05;1677369240;45;Uncategorized
AGUA CON LIDOCAINA 2% 10ML INTI;;AGUA CON LIDOCAINA;5;INTI;4.20;1695686460;42;Uncategorized
SANCOR 1 LECHE LIQUIDA;;LECHE LIQUIDA;10;BAGO;7.90;1661908680;9;LECHE LIQUIDA
DOMPER AG GOTAS;DOMPERIDONA, SIMETICONA;;84;TECNOFARMA;66.60;1690989360;2;GOTAS
CEFIXIMA 400MG COMPRIMIDO;;ANTIBIOTICO CEFALOSPORINICO;15;COFAR;11.94;1672440660;10;COMPRIMIDO
FLEXICAM B12 AMPOLLA;MELOXICAM 15MG, VITAMINA B12 10000;ANALGESICO ANTIINFLAMATORIOP ANTINEURITICO;65;BRESKOT PHARMA;51;1664578500;5;INYECTABLE
HEPAGON 150MG CAPSULAS;SILIMARINA 150MG;DESINTOXICANTE HEPATICO, HEPATOPROTECTOR;10;COFAR;7.94;1777589880;27;CAPSULA
HIDROCLOROTIAZIDA 50MG;;DIURETICO;1;DISMEDIN;0.36;1667173380;90;COMPRIMIDO
ACUPAN AMPOLLA;NEFOPAM;;24;INTI;19;1702766640;5;INYECTABLE
INICOX 200;CELECOXIB 200;ANALGESICO ANTIINFLAMATORIO;12;LAFAR;9.30;1663368420;3;CAPSULA
FERRO B COMPLEX 240ML;SULFATO FERROSO, COMPLEJO B;SUPLEMENTO DE HIERRO Y VITAMINAS;94;;75;1719013620;1;JARABE
PREDNISONA 20MG TABLETA;;;2;PORTUGAL;1.25;1727048700;28;COMPRIMIDO
SULFATO FERROSO + ACIDO FOLICO + VITAMINA C  X BLISTER;;ANTIANEMICO;4;UNIVERSAL PHARMA;3;1700754780;0;COMPRIMIDO
LAXALAN 220ML;LACTULOSA 3.33G/5ML;;114;MEGA LABS;91.35;1708704240;1;JARABE
LAXUAVE P SOBRE;POLIETILENGLICOL, BICARBONATO DE SODIO, CLORURO DE SODIO, CLORURO DE POTASIO;LAXANTE OSMOTICO;7;INTI;5.25;1695507060;11;POLVO
FLAMACOX RELAX CAPSULA;MELOXICAM 15MG, PRIDINOL MESILATO 4MG;ANTIIFLAMATORIO ANALGESICO MIORELAJANTE;5.50;IFA;4.30;1687648140;0;CAPSULA
GLEMAZ MET 4/1.000 COPRIMIDO;GLIMEPIRIDA 4MG, METFORMINA 1000MG;HIPOGLICEMIANTE;8;BAGO;6.11;1695598440;31;COMPRIMIDO
AMOXIDIN 250 ORANGE 100ML;AMOXICILINA 250MG;ANTIBIOTICO;20;FARMEDICAL;15.30;1716594480;0;JARABE
AMOXIDIN PLUS SUSPENSION;AMOXICILINA 250MG, ACIDO CLAVULÑANICO 62.5MG;ANTIBIOTICO BETALACTAMICO;64;FARMEDICAL;51;1656114660;0;SUSPENSION
VI-5 CARAMELOS VITAMINADOS;;CARAMELOS VITAMINADOS;1.50;ABEJITA;1.12;1727533800;3;CARAMELO
SEDATIVOL COMPRIMIDO;VALERIANA, CHAMONILLA, PASSIFLORA;SEDANTE NATURAL;3;HAHNEMANN;2.34;1664494080;20;COMPRIMIDO
EUTIROX 75mcg;LEVOTIROXINA SODICA;TIROIDES;1.50;INTI;0.71;1682869680;50;COMPRIMIDO
EUTIROX 100mcg;LEVOTIROXINA;TIROIDES;2;INTI;0.97;1690732260;45;COMPRIMIDO
TYPIREC BLISTER X 5 CAPSULAS;;ANTIGRIPAL DESCONGESTIVO NASAL ANTIPIRETICO;10;LAFAR;;1727712060;31;CAPSULA
AZUCENA FRUTILLA Y CHOCOLATE 30ML;;LUBRICANTE Y ESTIMULANTE;44;SAE S.A;;1704113580;1;Uncategorized
MAXMEN SPRAY;;RETARDADOR EN SPRAY;65;SAE S.A;;1664628960;1;SPRAY
STRESAM 50MG;ETOFOXINA CLORHIDRATO 50MG;;2.50;INTI;2;1680730260;38;COMPRIMIDO
KITADOL FORTE COMPRIMIDO;PARACETAMOL 500, CAFEINA 50;ANALGESICO ANTIPIRETICO;2;SAE S.A;1.50;1683402480;5;COMPRIMIDO
IBUPROFENO 200MG/5ML;;ANALGESICO ANTIINFLAMATORIO ANTIFEBRIL;20;SAE S.A;15.40;1712433060;2;SUSPENSION
CEFALEXIN 250MG SUSPENSION;;ANTIBACTERIANO;35;TERBOL;28;1669673820;1;SUSPENSION
DOLPIRET 100MG/5ML;IBUPROFENO 100MG, PARACETAMOL 125MG;ANALGESICO ANTIINFLAMATORIO ANTIFEBRIL;36;TERBOL;29;1683584400;2;SUSPENSION
AMLODIPINO 10MG;;ANTIPERTENSIVO;1;DISMEDIN;0.36;1683588120;65;COMPRIMIDO
DEXAMINO FUERTE INYECTABLE;;COLAGOGO HEPATOPROTECTOR DESINTOXICANTE;55;COFAR;43.63;1699883700;13;INYECTABLE
TERADOL GOTAS;METAMIZOL 500MG/1ML;ANTIPIRETICO-ANALGESICO;62;COFAR;50.27;1713016680;2;GOTAS
METRONIDAZOL 125MG SUSPENSION;;ANTIPROTOZOARIO;30;IFA;23.53;1673707920;3;SUSPENSION
DIOXADOL FORTE INYECTABLE;DIPIRONA 2.000MG;ANALGESICO;16;BAGO;13;1674084420;14;INYECTABLE
PARACETAMOL 1G SAE;;ANALGESICO ANTIPIRETICO;1;SAE S.A;0.32;1721432940;267;COMPRIMIDO
LACTOZERO FORTE;LACTASA 9.000FCC;;6;INTI;5;1679409960;30;COMPRIMIDO MASTICABLE
AGUA DESIONIZADA 900ML;;;10;TELCHI;4;1669819500;5;Uncategorized
JABON POVIDINE LITEL 120ML 7.5%;;;10;TELCHI;6.50;1679497740;12;Uncategorized
ALCOHOL ISOPROPILICO 1L;;;35;TELCHI;26.25;1695395640;2;Uncategorized
BICARBONATO DE SODIO 1KG;;;35;TELCHI;20;1705159200;2;POLVO
BACITRACINA NEOMICINA UNGUENTO;;;23;IFA;17.43;1703535000;5;UNGUENTO
ONDASET 8MG/4ML AMPOLLA;ONDASETRON 8MG;ANTIHEMETICO;25;FARMEDICAL;20;1658782140;3;INYECTABLE
AMOXIDIN 500 MG/5ML;AMOXICILINA 500MG;ANTIBIOTICO;32;FARMEDICAL;25.50;1748206440;3;SUSPENSION
DICLOHAN GEL 50G;;;28;HAHNEMANN;20;1677628980;3;GEL
WALYTE  SABOR NARANJA;;SALES DE HIDRATACION ORAL, SUERO DE REHIDRATACION ORAL;4;SAN FERNANDO SRL;3;1685022960;42;POLVO
EROX GEL 4ML SACHET;;;4;SAN FERNANDO SRL;2;1712239200;7;Uncategorized
VENDA DE YESO CREMER 20CM;;VENDA DE YESO;30;;24;1731857100;1;Uncategorized
VENDA DE YESO CREMER 10CM;;VENDA DE YESO;16;;13;1731857400;3;Uncategorized
PASUMA 3D SL;TADALAFILO 20MG;;15;INTI;12;1687038120;11;COMPRIMIDO, Uncategorized
PAN-VIMIN MINERALIZADO;VITAMINAS-MINERALES -OLIGOELEMENTOS;VITAMINAS;1.80;INTI;;1679093160;30;Uncategorized
ALCODION JARABE ADULTO;CODEINA BASE;SEDATIVO DE LA TOS;95;ALCOS;;1766242680;0;JARABE
ALCODION GRAGEAS;'-CODEINA CANFOSULFONATO;;;;;;;
MULTIFROST 100GR;;ANALGESICO;48;;37.5;1716388020;0;POMADA
GLIBENCLAMIDA 5MG;;HIPOGLICEMIANTE;0.50;DISMEDIN;0.25;1703255400;0;COMPRIMIDO
VITAMINA C PASTILLA;;VITAMINA C;0.20;ABEJITA;0.13;1679592240;215;PASTILLA
DOLOCOFAMIN 75MG;DICLOFENACO 75MG;;;;;;;
NOVADOL FORTE;DICLOFENACO 75MG;;;;;;;
CAFIASPIRINA;ACIDO ACETIL SALICILICO 0,5G;;;;;;;
SANATUSIN GEL DIA;;ANTIGRIPAL;5;SAE S.A;3.60;1698159480;37;Uncategorized
LLAVE 3 VIAS;;;6;NIPRO;4.30;1732546620;2;Uncategorized
CIRUELAX 75MG MINITABS;;;2;TERBOL;0.31;1666801920;89;COMPRIMIDO
OMNIVAL LIQUIDO;VITAMINA A,B1,B12,C,D3,E;;;;;;;
DOLOCOFAMIN 25.000 B12FORTE;DICLOFENACO 75MG;;;;;;;
FLOGENE SR 75MG;;ANALGESICO ANTIINFLAMATORIO;4;TECNOFARMA;2.86;1677600360;45;COMPRIMIDO
SANATUSIN GEL NOCHE;;ANTIGRIPAL;5;SAE S.A;3.67;1685803500;42;Uncategorized
ROSVEL 20MG;ROSUVASTATINA 20MG;;20;LABORATORIO CHILE;0;1699022940;0;COMPRIMIDO
ATORVASTATINA 20 MG;;HIPOLIPEMIANTE;2.70;SAE S.A;2.01;1699023660;28;COMPRIMIDO
MAXIBIOTIC NF 500;CEFALEXINA 500MG;ANTIBIOTICO DE AMPLIO ESPECTRO;7;BAGO;5.45;1660178760;16;COMPRIMIDO
BACTEROL FORTE COMPRIMIDO;SULFAMETOXAZOL+TRIMETOPRIMA;ANTIBACTERIANO;5;ABBOTT;3.41;1749335340;89;COMPRIMIDO
CAPRIMIDA FORTE;CALCIO CARBONATO/COLECALCIFEROL(VITAMINA D3);VITAMINAS;3;ABBOTT;;1691448660;30;CAPSULA
OFF 200G;;REPELENTE;20;;13;1702429440;10;CREMA, Uncategorized
VITAMINA C MASTICABLE SAE BLISTER;;VITAMINA C, VITAMINA C MASTICABLE;1.50;SAE S.A;1;1657383660;0;COMPRIMIDO MASTICABLE
ENALAP 5;ENALAPRIL 5MG;ANTIHIPERTENSIVO;2;BAGO;1.36;1683650820;143;COMPRIMIDO
ENALAP D;ENALAPRIL 10MG, HIDROCLOROTIAZIDA 25MG;ANTIHIPERTENSIVO DIURETICO;5;BAGO;3.86;1675961580;15;COMPRIMIDO
GRIPOBRON UNGUENTO;EUCALIPTO 5%;;;;;;;
ACETAMOL GOTAS;PARACETAMOL 100MG;;;;;;;
VENDA DE GASA 15 CM;;VENDA DE GASA;14;;10.15;1752455340;1;Uncategorized
TONIALCOS ADULTOS;ASCORBATO DE LISINA Y CALCIO;ENERGETICO-REMINERALIZANTE;12;ALCOS;9.54;1700004360;8;SOLUCION
CURADIL 75 NARANJA 250ML;SODIO 75ME/L;SALES DE HIDRATACION ORAL;27;ALCOS;21.20;1705275300;3;SOLUCION
INICOX 100 MG CAPSULAS;CELECOXIB 100MG;;5;LAFAR;3.95;1673796720;20;CAPSULA
PIRONAL FLU;IBUPROFENO 100MG, PSEUDOEFEDRINA 15MG;ANALGESICO ANTIINFLAMATORIO ANTIPIRETICO;67;BAGO;50.25;1684165260;2;SUSPENSION
BETAMETASONA 0.05% 15G CREMA;;ANTIINFLAMATORIO-CORTICOIDE;13;;10;1681574640;3;CREMA
T-36 GEL ORAL X 4 SACHETS;TADALAFILO 20MG;LUBRICANTE Y ESTIMULANTE;33;SAE S.A;26.31;1705362420;9;GEL
AGUJA ROSADA 18G;;;0.50;;;1723767180;90;Uncategorized
KOTEX NOCTURNAS;;;16;KOTEX;;1660695240;1;Uncategorized
GENTAMICINA 0.3% GOTAS;;ANTIBIOTICO;20;LA SANTE;12.78;1697907420;2;GOTAS
TRASSIL DUO;DEXIBUPROFENO 200MG;;;;;;;
SULFACARBON;CARBON VEGETAL + SULFAGUANIDINA+SUBNITRATO DE BISMUTO;ANTIBACTERIANO, PROTECTOR GASTROINTESTINAL;1;;0.70;1761232260;98;COMPRIMIDO
FLUCONAZOL 150MG;;;2;PORTUGAL;1;1669217220;93;CAPSULA
FLAVICOLD PLUS NOCHE SOBRE;;ANTIGRIPAL DESCONGESTIVO NASAL ANTIPIRETICO;6;COFAR;4.83;1779987240;51;POLVO
PREGABALINA 75MG;;;8.50;COFAR;6.71;1785258000;28;COMPRIMIDO
VITAMIN C;ACIDO ASCORBICO 200MG;;35;TERBONOVA;;1714432860;3;COMPRIMIDO EFERVESCENTE
ABZ SUSPENSION;ALBENDAZOL;ANTIPARASITARIO;23;SAN FERNANDO SRL;17.90;1690824600;3;SUSPENSION
ABZ COMPRIMIDO;ALBENDAZOL;ANTIPARASITARIO;14;SAN FERNANDO SRL;10.50;1735666500;1;COMPRIMIDO
CLORFENIRAMINA 10MG INYECTABLE;;ANTIALERGICO-ANTIHISTAMINICO;4;UNIVERSAL PHARMA;1.45;1701622200;5;INYECTABLE
MENTISAN PLUS NOCHE LIMON;;ANTIGRIPAL DESCONGESTIVO NASAL ANTIPIRETICO;5;INTI;3.79;1712248260;45;POLVO
GLIBENCLAMIDA 5MG;GLIBENCLAMIDA 5MG;HIPOGLUCEMIANTE;0.5;UNIVERSAL PHARMA;0.25;1701733800;418;COMPRIMIDO
NIFURAT SUSPENSION;NIFUROXAZIDA 200MG/5ML;ANTIDIARREICO;75;BAGO;60;1709650200;3;SUSPENSION
FORMOL 40%;;;23;TELCHI;;1672966800;1;Uncategorized
SOLARIS FPS 80;DIOXIDO DE TATANIO MICRONIZADO;;;;;;;
MEBIDOX 400;IBUPROFENO 400;ANTIRREUMATICO-ANTIINFLAMATORIO;2;INTI;1.4;1673048760;75;COMPRIMIDO
INTIBROXOL;AMBROXOL CLORHIDRATO;MUCOLITICO EXPECTORANTE;45;INTI;36.30;1694045340;4;Uncategorized
CORILEX;'-AMBROXOL;;;;;;;
LEFLOX 750;LEVOFLOXACINA;;16.5;FARMEDICAL;12.75;1691502480;9;COMPRIMIDO, Uncategorized
BRONCOFLU 100ML JARABE;;BRONCODILATADOR MUCOLITICO;68;IFA;54.86;1701387600;3;JARABE
VITAMINA C 2000MG TERBOL;;;35;TERBOL;;1704757260;0;Uncategorized
HEDRALIX FUERTE 70MG/5ML;;EXPECTORANTE;57;IFARBO;45.33;1655041740;2;JARABE
KEBANON PLASTER;;PARCHE;5;SAN FERNANDO SRL;3.75;1706451180;4;PARCHE
BAGOCILETAS PLUS MIEL Y LIMON;BENZOCAINA 6MG;;;;;;;
SARNOL 20 % LOCION;;;23;IFA;;1713458700;3;LOCION
MEBIDOX 600;IBUPROFENO 600;ANTIRREUMATICO-ANTIINFLAMATORIO;3;INTI;2.4;1676761500;71;CAPSULA
ANARA;PICOSULFATO DE SODIO 5MG;LAXANTE;2;INTI;1.32;1700348880;168;Uncategorized
FLUICETIL 300;ACETILCISTEINA 300MG;MUCOLITICO;14;SAN FERNANDO SRL;10.5;1700351520;15;INYECTABLE
UDOX 200;AZITROMICINA 200MG/5ML;ANTIBIOTICO;87;MEGA LABS;68.73;1681863420;3;Uncategorized
BRONCOXOL ADULTO;CLORHIDRATO DE AMBROXOL 30MG/5ML;EXPECTORANTE-MUCOLITICO;52;TERBOL;40.50;1710889560;3;Uncategorized
FLUIDEX;HEDERA HELIX 35MG;EXPECTORANTE-MUCOLITICO;57;TERBOL;45.50;1737328080;2;JARABE
LUCON 200;FLUCONAZOL 200MG;ANTIMICOTICO SISTEMICO;13;FARMEDICAL;10.2;1721508660;3;CAPSULA
CLOFENAC 75;DICLOFENACO SODICO 75MG;ANALGESICO ANTIINFLAMATORIO;3;BAGO;2.17;1713658440;137;COMPRIMIDO
MASCARA FACIAL;;;10;;;1697903640;6;Uncategorized
POMPIGLOS PAÑITOS CLASICOS;HIPOALERGENICO DERMATOLOGICAMENTE DESEADO;TOALLITAS HUMEDAS;32;SAE S.A;25.10;1677020160;3;Uncategorized
PAÑALES POMPIGLOS TALLA G;PAÑALES G(GRANDE);PAÑAL G;2.50;SAE S.A;1.88;1705878300;42;Uncategorized
CARQUEJA MEDICA;EXTRACTO DE CARQUEJA, AJENJO, MENTA;DIGESTIVO;40;INTI;30;1716730980;3;GOTAS
TRIOBACTER;LANSOPRAZOL 30MG;;;;;;;
ANTIAX;MAGALDRATO/SIMETICONA;ANTIFLATULENTO-ANTIACIDO;3.5;SAVAL;2.62;1685230080;52;COMPRIMIDO MASTICABLE
CERELAC 400GR;;;27;NESTLE;20.25;1656686160;0;POLVO
PAÑAL HUGGIES TALLA M;TALLA M;;2;HUGGIES;;1669931820;54;Uncategorized
PAÑAL HUGGIES TALLA XXG;TALLA XXG;;3;HUGGIES;;1685570400;21;Uncategorized
DONOMIX 15G;CLOTRIMAZOL;;;;;;;
ASPIRADOR NASAL;;;20;PRODUCTOS PARA BEBE;15;1762006080;3;Uncategorized
WooCommerce POS Custom Product;;;10;;;;;Uncategorized
ALFA 369 OMEGA SUELTA X 10 CAPSULAS;;SUPLEMENTO ALIMENTICIO;1.50;ALFA > ALFA VITAMINAS;0.80;1706451600;100;CAPSULA
MAGNESIUM + B6  X 10 TABLETAS;MAGNESIO,  VITAMINA B6;SUPLEMENTO ALIMENTICIO;1.50;ALFA > ALFA VITAMINAS;0.68;1730298600;100;COMPRIMIDO
GINKGO BILOBA X 10 CAPSULAS;;SUPLEMENTO NUTRICIONAL.VITAMINAS .;1.50;ALFA > ALFA VITAMINAS;1.06;1677595260;;CAPSULA
GUMMY BEARS X 10 GOMITAS;;SUPLEMENTO ALIMENTICIO;1.50;ALFA > ALFA VITAMINAS;0.88;1706453280;100;CARAMELO
LOSARTAN POR UNIDAD;LOSARTAN 50MG;;1.50;SAE S.A;0.93;1714525800;56;COMPRIMIDO
BRONCOFAR NF COMPRIMIDO;;;3;;1.35;1698676380;26;COMPRIMIDO
AGUA OXIGENADA 10 VOL. 120ML;;AGUA OXIGENADA;6;TELCHI;3;1706106600;0;Uncategorized
PENTRAX AC;AMOXICILINA 875 MG;;;;;;;
LOTRIAL 10;ENALAPRIL MALEATO 10MG;ANTIHIPERTENSIVO;2.50;MEGA LABS;2;1681594500;30;COMPRIMIDO
URICAL;EXTRACTO DE ARANDANO Y PROBIOTICOS;INFECCION URINARIA;6;SAE S.A;4.41;1689457440;30;CAPSULA
MUXOL PEDIATRICO 15MG/5ML;AMBROXOL CLORHIDRATO;EXPECTORANTE-MUCOLITICO;55;SAVAL;44;1666113120;1;JARABE
VALAXAM 80/5;VALSARTAN 80MG, AMLODIPINO 5MG;ANTIHIPERTENSIVO;7.50;SAVAL;6.10;1725041100;30;COMPRIMIDO
GLICENEX SR 1.000;METFORMINA CLORHIDRATO 1000MG;NORMOGLICEMIANTE ORAL;3.5;BAGO;2.56;1692397260;30;COMPRIMIDO
IBL 1500;AMOXICILINA 1000MG;;;;;;;
DEXTROAMIN;VITAMINA B1-VITAMINA B6-VITAMINA B12;;;;;;;
MASCULAN XXL TYPO 5;EXTRA LARGO;CONDON;16;IFA;11.81;1719077700;4;CONDON
MASCULAN LUBRICANTE GEL 3ML;;CONDON;17;IFA;12.54;1721670000;4;CONDON
PAÑAL RECIEN NACIDO X UNIDAD;POR UNIDAD;PAÑAL;1.5;HUGGIES;1;1698019140;20;Uncategorized
PAÑAL RECIEN NACIDO X PAQUETE;PAÑAL RECIEN NACIDO;PAÑAL;30;HUGGIES;20;1698019380;0;Uncategorized
PANTOPRAZOL;PANTOPRAZOL 40MG;HEPATOPROTECTOR;3;LA SANTE;1.60;1682382000;60;COMPRIMIDO
ACI-TIP;MAGALDRATO 800MG/10ML;;;;;;;
KETOZ;KETOCONAZOL 200MG;ANTIFUNGICO;1.5;UNICURE;;1678033560;26;COMPRIMIDO
VASELINA LIQUIDA;PARAFINUM LIQUIDUM;ACEITE EMOLIENTE-LUBRICANTE;7;IFARBO;5.41;1778881080;4;ACEITE
METROGYN NISTATINA OVULO;;TRICOMONICIDA-ANTIMICOTICO;7;ALCOS;5.35;1694888160;32;OVULO VAGINAL
DICLOXACILINA 500MG CAPSULA;;ANTIBACTERIANO;1.50;LA SANTE;1;1669038900;53;CAPSULA
ATENOLOL 100 X UNIDAD;;;1.50;SAE S.A;;1713715200;12;COMPRIMIDO
B1B6B12 25.000;COMPLEJO VITAMINICO COMPUESTO;ANTINEURITICO, NEUROTROFICO DE ACCION REFORZADA;14;COFAR;;1708558980;6;AMPOLLA, INYECTABLE
VAGICURAL PLUS;METRONIDAZOL-;;;;;;;
PAÑAL ADULTO SENSATY G;PAÑAL HIPOALERGENICOS;;7;SAE S.A > SAE.SA;4.5;1737760080;16;Uncategorized
CINTA DENTAL FORAMEN;SEDA DENTAL;;41;;32.32;1679699760;1;Uncategorized
IDON CAPSULAS;DOMPERIDONA 10MG;;2.5;SAVAL;1.7;1745689740;59;CAPSULA
ANFIBOL 5MG;NEBIVOLOL 5MG;ANTIHIPERTENSIVO ANTIANGINOSO ANTIARRITMICO;8;ABBOTT;5.85;1696027680;0;COMPRIMIDO
VITAM C GOTAS;VITAMINA C;VITAMINA C GOTAS;15;MINERVA S.R.L.;;1704645840;11;GOTAS
NAYLON 2-0;NAYLON 2-0;;16;;12;1771542600;4;Uncategorized
PROPOMIEL AD;MIEL,PROPOLEO,HEDERA HELIX,ACEITE ESENCIAL DE EUCALIPTO;ANTITUSIVO-ESPECTORANTE-MUCOLITICO Y ANTIALERGICO;33;ABEJITA;25;1729379760;1;JARABE
PROPOMIEL JUNIOR;MIEL,PROPOLEO,HEDERA HELIX,EUCALIPTO Y ECHI;ANTITUSIVO-ESPECTORANTE-MUCOLITICO Y ANTIALERGICO;33;ABEJITA;25;1729382100;1;JARABE
MIEL EN SACHET MI ABEJITA;SACHET MIEL X 200 UNIDADES;MEL, MI ABEJITA;1;MI ABEJITA;0.38;1797774000;189;CARAMELO
CARAMELOS DE MIEL ADULTO;CON HEDERA HELIX Y EUCALIPTO;MI ABEJITA;6;MI ABEJITA;4.25;1710943140;16;CARAMELO
CARAMELOS DE MIEL INFANTIL;SABOR FRUTILLA Y UVA;CARAMELOS, MI ABEJITA;6;MI ABEJITA;4.25;1710943740;18;CARAMELO
NODOLEX;<p>PARACETAMOL 120MG/ML</p>;;;;;;;
FILINAR G;ACEBROFILINA 5MG/ML;BRONCODILATADOR-EXPECTORANTE-MUCOLITICO;156;EUROFARMA PERU;123.65;1698018720;1;GEL
TORANTE;HEDERA HELIX;MUCOLITICO EXPECTORANTE;68;EUROFARMA;53.28;1679529660;1;JARABE
VAST 10 MG;ATORVASTATINA CALCICA 10MG;HIPOLIPEMIANTE;4;EUROFARMA;2.95;1677111660;60;CAPSULAS BLANDAS VAGINALES, COMPRIMIDO
BETISTIN 16MG;BETAHISTINA DICLORHIDRATO;ANTIVERTIGINOSO;7;EUROFARMA;5.48;1679536320;20;COMPRIMIDO
METROGYN;METRONIDAZOL 250MG;ANTIPROTOZOARIO-TRICOMONICIDA-AMEBICIDA;48;ALCOS;38.23;1737937800;2;SUSPENSION
TERRACOLIN SUSPENSION;NIFOROXAZIDA;ANTIDIARREICO;45;IFA;33.75;1661699760;1;SUSPENSION
NATURAL TOS 150ML JARABE;HEDERA HELIX;EXPECTORANTE-MUCOLITICO;45;HAHNEMANN;36;1706491620;1;JARABE
CARBAMAZEPINA 200MG;CARBAMAZEPINA 200MG;;1.5;LABORATORIO CHILE;;1655077020;49;COMPRIMIDO
RECTO TERM INFANTIL;PARACETAMOL 100MG;;;;;;;